{"0": 0.5322892665863037, "1": 0.4706137180328369, "2": 0.421600341796875, "3": 0.38539302349090576, "4": 0.4551050662994385, "5": 0.4739328622817993, "6": 0.38969603180885315, "7": 0.38484346866607666, "8": 0.47998225688934326, "9": 0.38369423151016235, "10": 0.5281665921211243, "11": 0.4880077838897705, "12": 0.4179679751396179, "13": 0.4436954855918884, "14": 0.28999555110931396, "15": 0.4187977910041809, "16": 0.331297367811203, "17": 0.43709659576416016, "18": 0.4282187521457672, "19": 0.42557719349861145, "20": 0.4827950596809387, "21": 0.4874352216720581, "22": 0.46545910835266113, "23": 0.4501534104347229, "24": 0.47058844566345215, "25": 0.5039259195327759, "26": 0.5067183375358582, "27": 0.4885657727718353, "28": 0.49628743529319763, "29": 0.4707878828048706, "30": 0.3601182997226715, "31": 0.4568941593170166, "32": 0.46738678216934204, "33": 0.5091418027877808, "34": 0.36204397678375244, "35": 0.29650944471359253, "36": 0.4421675205230713, "37": 0.4208858609199524, "38": 0.441574364900589, "39": 0.4952094256877899, "40": 0.4561462700366974, "41": 0.4222666621208191, "42": 0.33818843960762024, "43": 0.4201943576335907, "44": 0.5711879730224609, "45": 0.4677507281303406, "46": 0.5068415403366089, "47": 0.5037238001823425, "48": 0.4294613003730774, "49": 0.4201076030731201, "50": 0.4969506859779358, "51": 0.45522522926330566, "52": 0.5118827819824219, "53": 0.44736790657043457, "54": 0.40215426683425903, "55": 0.5215084552764893, "56": 0.4919987916946411, "57": 0.432841420173645, "58": 0.4095973074436188, "59": 0.5255964398384094, "60": 0.48269176483154297, "61": 0.4640563726425171, "62": 0.4661485552787781, "63": 0.5436791181564331, "64": 0.4207554757595062, "65": 0.3814205527305603, "66": 0.4294978976249695, "67": 0.4670661687850952, "68": 0.5028171539306641, "69": 0.48418912291526794, "70": 0.46842435002326965, "71": 0.5354194641113281, "72": 0.5017993450164795, "73": 0.38488221168518066, "74": 0.47156253457069397, "75": 0.4451959729194641, "76": 0.4806716740131378, "77": 0.5335371494293213, "78": 0.4048624336719513, "79": 0.4931868016719818, "80": 0.5248761773109436, "81": 0.5059857368469238, "82": 0.48373734951019287, "83": 0.45691075921058655, "84": 0.3825092017650604, "85": 0.4994325041770935, "86": 0.41666802763938904, "87": 0.44779470562934875, "88": 0.4587849974632263, "89": 0.4771559536457062, "90": 0.487013041973114, "91": 0.47901806235313416, "92": 0.43687424063682556, "93": 0.516303300857544, "94": 0.4882735013961792, "95": 0.5234349370002747, "96": 0.49688199162483215, "97": 0.419264554977417, "98": 0.4284341335296631, "99": 0.3332219123840332, "100": 0.45397305488586426, "101": 0.3997364044189453, "102": 0.5468200445175171, "103": 0.5161315202713013, "104": 0.5384771823883057, "105": 0.4781346917152405, "106": 0.4432869553565979, "107": 0.5556501150131226, "108": 0.3653879165649414, "109": 0.4840661287307739, "110": 0.5026996731758118, "111": 0.42737168073654175, "112": 0.3279142379760742, "113": 0.4951460361480713, "114": 0.5016502141952515, "115": 0.5341797471046448, "116": 0.3728470802307129, "117": 0.4310159683227539, "118": 0.4920702576637268, "119": 0.42489540576934814, "120": 0.5151931047439575, "121": 0.4084760546684265, "122": 0.48674649000167847, "123": 0.5275149345397949, "124": 0.532573401927948, "125": 0.39305299520492554, "126": 0.5369322299957275, "127": 0.4548909068107605, "128": 0.44676414132118225, "129": 0.473619282245636, "130": 0.5256866216659546, "131": 0.4799853563308716, "132": 0.5712498426437378, "133": 0.4553515315055847, "134": 0.48134711384773254, "135": 0.45673948526382446, "136": 0.4086436629295349, "137": 0.49369049072265625, "138": 0.5006797313690186, "139": 0.507956326007843, "140": 0.3724209666252136, "141": 0.525607705116272, "142": 0.5257570743560791, "143": 0.5040555000305176, "144": 0.407376229763031, "145": 0.5024555325508118, "146": 0.5195305347442627, "147": 0.4875532388687134, "148": 0.5163887739181519, "149": 0.48667970299720764, "150": 0.46850019693374634, "151": 0.5058634281158447, "152": 0.4893319308757782, "153": 0.5129020810127258, "154": 0.4965941905975342, "155": 0.5344488024711609, "156": 0.46443888545036316, "157": 0.4725424647331238, "158": 0.3155570328235626, "159": 0.4132745862007141, "160": 0.5470468401908875, "161": 0.4878615438938141, "162": 0.4719272553920746, "163": 0.40068569779396057, "164": 0.4763753414154053, "165": 0.5368145704269409, "166": 0.4829772710800171, "167": 0.5243141651153564, "168": 0.5435408353805542, "169": 0.538943350315094, "170": 0.4200015664100647, "171": 0.4986024498939514, "172": 0.34903091192245483, "173": 0.41214853525161743, "174": 0.4924090504646301, "175": 0.4706399440765381, "176": 0.4163217544555664, "177": 0.43197503685951233, "178": 0.46284425258636475, "179": 0.3354334235191345, "180": 0.41609829664230347, "181": 0.4868934750556946, "182": 0.5731174945831299, "183": 0.4578950107097626, "184": 0.4838975667953491, "185": 0.4740230441093445, "186": 0.5316034555435181, "187": 0.5112735033035278, "188": 0.5712652206420898, "189": 0.5100185871124268, "190": 0.43314188718795776, "191": 0.4879741668701172, "192": 0.5093706846237183, "193": 0.5441805720329285, "194": 0.37853020429611206, "195": 0.49770283699035645, "196": 0.515190601348877, "197": 0.479852557182312, "198": 0.4837174415588379, "199": 0.45353561639785767, "200": 0.4349732995033264, "201": 0.4770646393299103, "202": 0.32497674226760864, "203": 0.5626156330108643, "204": 0.4555753469467163, "205": 0.4636348485946655, "206": 0.40846988558769226, "207": 0.4815685749053955, "208": 0.46738359332084656, "209": 0.46019959449768066, "210": 0.42952048778533936, "211": 0.4897988438606262, "212": 0.48301416635513306, "213": 0.497612863779068, "214": 0.47540169954299927, "215": 0.46862995624542236, "216": 0.5085726976394653, "217": 0.4867844581604004, "218": 0.5084549784660339, "219": 0.5047443509101868, "220": 0.5041180849075317, "221": 0.46514785289764404, "222": 0.5378666520118713, "223": 0.4663747549057007, "224": 0.48250842094421387, "225": 0.533538818359375, "226": 0.5022110939025879, "227": 0.5040550231933594, "228": 0.4584568738937378, "229": 0.4996052384376526, "230": 0.43732306361198425, "231": 0.48767513036727905, "232": 0.38220536708831787, "233": 0.45927172899246216, "234": 0.49670636653900146, "235": 0.47428008913993835, "236": 0.4683387279510498, "237": 0.5069180727005005, "238": 0.3958585858345032, "239": 0.5000308752059937, "240": 0.48572248220443726, "241": 0.47472554445266724, "242": 0.5061444044113159, "243": 0.5002948045730591, "244": 0.43240559101104736, "245": 0.46780651807785034, "246": 0.48925042152404785, "247": 0.447182834148407, "248": 0.44481360912323, "249": 0.5227212905883789, "250": 0.4804690182209015, "251": 0.4548153877258301, "252": 0.4522979259490967, "253": 0.5680881142616272, "254": 0.4639471769332886, "255": 0.4804527163505554, "256": 0.5639094710350037, "257": 0.5199360847473145, "258": 0.32159873843193054, "259": 0.49730244278907776, "260": 0.4555072784423828, "261": 0.4861290156841278, "262": 0.4927065968513489, "263": 0.3679542541503906, "264": 0.5212075710296631, "265": 0.49908220767974854, "266": 0.4998801350593567, "267": 0.43971699476242065, "268": 0.5266596078872681, "269": 0.5029356479644775, "270": 0.49292322993278503, "271": 0.5218422412872314, "272": 0.5283843278884888, "273": 0.43364447355270386, "274": 0.4896509647369385, "275": 0.5089090466499329, "276": 0.4375261664390564, "277": 0.5236416459083557, "278": 0.493741512298584, "279": 0.43828850984573364, "280": 0.45778796076774597, "281": 0.477295845746994, "282": 0.4245848059654236, "283": 0.36550742387771606, "284": 0.42503616213798523, "285": 0.41443365812301636, "286": 0.5363630652427673, "287": 0.3988324999809265, "288": 0.48816797137260437, "289": 0.339978963136673, "290": 0.4750511348247528, "291": 0.43505483865737915, "292": 0.34775108098983765, "293": 0.4810873866081238, "294": 0.4154823422431946, "295": 0.4445454478263855, "296": 0.5232609510421753, "297": 0.514112114906311,