{"0": 0.3569764494895935, "1": 0.5118387341499329, "2": 0.4534650444984436, "3": 0.45998233556747437, "4": 0.4123930335044861, "5": 0.44479110836982727, "6": 0.4869679808616638, "7": 0.3196805715560913, "8": 0.468679279088974, "9": 0.3644371032714844, "10": 0.4629709720611572, "11": 0.3410593569278717, "12": 0.3899785876274109, "13": 0.4735424518585205, "14": 0.4361305832862854, "15": 0.4211880564689636, "16": 0.4265424311161041, "17": 0.48545897006988525, "18": 0.5085437297821045, "19": 0.33101886510849, "20": 0.5500297546386719, "21": 0.48259612917900085, "22": 0.4873189330101013, "23": 0.4253402352333069, "24": 0.45689496397972107, "25": 0.4747759997844696, "26": 0.48398762941360474, "27": 0.4350878596305847, "28": 0.4896980822086334, "29": 0.46555644273757935, "30": 0.3382938802242279, "31": 0.37001094222068787, "32": 0.33698800206184387, "33": 0.41687074303627014, "34": 0.47476884722709656, "35": 0.4411930441856384, "36": 0.45608091354370117, "37": 0.37757647037506104, "38": 0.4670501947402954, "39": 0.3295201361179352, "40": 0.4198680520057678, "41": 0.3732724189758301, "42": 0.46616318821907043, "43": 0.48436984419822693, "44": 0.3587101697921753, "45": 0.35537683963775635, "46": 0.4730355143547058, "47": 0.4448072910308838, "48": 0.40785694122314453, "49": 0.3444615602493286, "50": 0.41718193888664246, "51": 0.4660571217536926, "52": 0.5328483581542969, "53": 0.44704291224479675, "54": 0.46196916699409485, "55": 0.5145089626312256, "56": 0.4825441837310791, "57": 0.4589028060436249, "58": 0.42859694361686707, "59": 0.4586968719959259, "60": 0.48609256744384766, "61": 0.5119189023971558, "62": 0.4725897014141083, "63": 0.5465036034584045, "64": 0.4828721880912781, "65": 0.43909987807273865, "66": 0.47820937633514404, "67": 0.5143923759460449, "68": 0.43542081117630005, "69": 0.4912607669830322, "70": 0.44236546754837036, "71": 0.3818243443965912, "72": 0.4775314927101135, "73": 0.39302414655685425, "74": 0.4614992141723633, "75": 0.4907020032405853, "76": 0.443935364484787, "77": 0.52187180519104, "78": 0.5136939883232117, "79": 0.4221956133842468, "80": 0.4118282198905945, "81": 0.48439890146255493, "82": 0.46240970492362976, "83": 0.4813210368156433, "84": 0.421779602766037, "85": 0.44637012481689453, "86": 0.45613718032836914, "87": 0.4298296272754669, "88": 0.43417811393737793, "89": 0.4453970789909363, "90": 0.4317876398563385, "91": 0.4609382152557373, "92": 0.4481918513774872, "93": 0.49908018112182617, "94": 0.4651927351951599, "95": 0.42703020572662354, "96": 0.4196210503578186, "97": 0.4437650144100189, "98": 0.33192718029022217, "99": 0.43495213985443115, "100": 0.3966102600097656, "101": 0.42545628547668457, "102": 0.51383376121521, "103": 0.49719250202178955, "104": 0.48558831214904785, "105": 0.49604538083076477, "106": 0.49162113666534424, "107": 0.5190283060073853, "108": 0.5016070604324341, "109": 0.5094072818756104, "110": 0.532771646976471, "111": 0.5048767328262329, "112": 0.4723307490348816, "113": 0.4560970067977905, "114": 0.5081835389137268, "115": 0.5045324563980103, "116": 0.4218032956123352, "117": 0.4476053714752197, "118": 0.4866454601287842, "119": 0.4619597792625427, "120": 0.454026460647583, "121": 0.4486055374145508, "122": 0.4482744336128235, "123": 0.51031893491745, "124": 0.4910624623298645, "125": 0.5578761696815491, "126": 0.48034918308258057, "127": 0.48562949895858765, "128": 0.4326249361038208, "129": 0.4458993673324585, "130": 0.49124008417129517, "131": 0.4288055896759033, "132": 0.44143930077552795, "133": 0.47116774320602417, "134": 0.552499532699585, "135": 0.47402769327163696, "136": 0.47942131757736206, "137": 0.45109397172927856, "138": 0.47426891326904297, "139": 0.45435670018196106, "140": 0.4759255647659302, "141": 0.4684230089187622, "142": 0.46740320324897766, "143": 0.4035997986793518, "144": 0.522244393825531, "145": 0.5179574489593506, "146": 0.39010655879974365, "147": 0.412031352519989, "148": 0.4557936191558838, "149": 0.336931049823761, "150": 0.4306522309780121, "151": 0.47969645261764526, "152": 0.4542660117149353, "153": 0.456234872341156, "154": 0.5052893757820129, "155": 0.4638974070549011, "156": 0.3838532865047455, "157": 0.4448124170303345, "158": 0.4596373438835144, "159": 0.4507995843887329, "160": 0.5065612196922302, "161": 0.4725121259689331, "162": 0.5549205541610718, "163": 0.43065595626831055, "164": 0.4650753438472748, "165": 0.3344857096672058, "166": 0.38735395669937134, "167": 0.4508522152900696, "168": 0.5049617290496826, "169": 0.47406837344169617, "170": 0.47616052627563477, "171": 0.39151445031166077, "172": 0.4377732276916504, "173": 0.47387242317199707, "174": 0.5190006494522095, "175": 0.47694772481918335, "176": 0.45479369163513184, "177": 0.4648747444152832, "178": 0.4767770767211914, "179": 0.4975903630256653, "180": 0.4830373227596283, "181": 0.43422576785087585, "182": 0.40558701753616333, "183": 0.5325084328651428, "184": 0.375674843788147, "185": 0.41152751445770264, "186": 0.45257824659347534, "187": 0.40550005435943604, "188": 0.5043576955795288, "189": 0.4364359974861145, "190": 0.50271075963974, "191": 0.4889487028121948, "192": 0.47841399908065796, "193": 0.3901005685329437, "194": 0.5105684995651245, "195": 0.3591870665550232, "196": 0.45313316583633423, "197": 0.4617024064064026, "198": 0.4951941967010498, "199": 0.44731810688972473, "200": 0.41850340366363525, "201": 0.445380300283432, "202": 0.46494579315185547, "203": 0.540805995464325, "204": 0.48743629455566406, "205": 0.49783286452293396, "206": 0.49132877588272095, "207": 0.49054208397865295, "208": 0.47188645601272583, "209": 0.3538733422756195, "210": 0.39137235283851624, "211": 0.33118507266044617, "212": 0.32447153329849243, "213": 0.40560656785964966, "214": 0.40614569187164307, "215": 0.4808533191680908, "216": 0.42330706119537354, "217": 0.2944102883338928, "218": 0.4917832016944885, "219": 0.44414037466049194, "220": 0.4034935235977173, "221": 0.49788838624954224, "222": 0.41660434007644653, "223": 0.42424464225769043, "224": 0.3846436142921448, "225": 0.4778435230255127, "226": 0.4991649389266968, "227": 0.3342846632003784, "228": 0.47744661569595337, "229": 0.49062788486480713, "230": 0.393274188041687, "231": 0.5104672908782959, "232": 0.46590456366539, "233": 0.523699164390564, "234": 0.5376776456832886, "235": 0.4943844974040985, "236": 0.41004353761672974, "237": 0.4209246039390564, "238": 0.5545716285705566, "239": 0.5249672532081604, "240": 0.4450949430465698, "241": 0.47260183095932007, "242": 0.49567610025405884, "243": 0.47001683712005615, "244": 0.4061124622821808, "245": 0.41796350479125977, "246": 0.4323468804359436, "247": 0.4517230987548828, "248": 0.5268799066543579, "249": 0.44646432995796204, "250": 0.42190325260162354, "251": 0.4643349349498749, "252": 0.3358559012413025, "253": 0.499832421541214, "254": 0.4160315990447998, "255": 0.43984830379486084, "256": 0.3943697214126587, "257": 0.40989142656326294, "258": 0.35836905241012573, "259": 0.45183131098747253, "260": 0.48464643955230713, "261": 0.43382805585861206, "262": 0.46788495779037476, "263": 0.47279760241508484, "264": 0.44580626487731934, "265": 0.405819833278656, "266": 0.39543700218200684, "267": 0.4407002925872803, "268": 0.46419990062713623, "269": 0.5072380304336548, "270": 0.519903302192688, "271": 0.49180346727371216, "272": 0.42477333545684814, "273": 0.47857367992401123, "274": 0.4385766088962555, "275": 0.4543922543525696, "276": 0.3800360858440399, "277": 0.47113037109375, "278": 0.43711498379707336, "279": 0.49421849846839905, "280": 0.3830653131008148, "281": 0.3868373930454254, "282": 0.4212656021118164, "283": 0.3111541271209717, "284": 0.4705597460269928, "285": 0.36705148220062256, "286": 0.4773034453392029, "287": 0.35240188241004944, "288": 0.45547428727149963, "289": 0.38872626423835754, "290": 0.3962482810020447, "291": 0.4664062559604645, "292": 0.32124003767967224, "293": 0.4260833263397217, "294": 0.5093703269958496, "295": 0.35078930854797363, "296": 0.471294105052948,