{"0": 0.37729334831237793, "1": 0.5052422881126404, "2": 0.47527509927749634, "3": 0.4788377285003662, "4": 0.406505286693573, "5": 0.4638126492500305, "6": 0.37180620431900024, "7": 0.376137912273407, "8": 0.44695448875427246, "9": 0.44064491987228394, "10": 0.4964436888694763, "11": 0.47601446509361267, "12": 0.3448081910610199, "13": 0.37581589818000793, "14": 0.32624387741088867, "15": 0.43460613489151, "16": 0.43416303396224976, "17": 0.4650205671787262, "18": 0.5180591940879822, "19": 0.35486412048339844, "20": 0.4256153106689453, "21": 0.4963836669921875, "22": 0.5070071220397949, "23": 0.47465819120407104, "24": 0.47813481092453003, "25": 0.5307363271713257, "26": 0.4687768220901489, "27": 0.5149108171463013, "28": 0.5193705558776855, "29": 0.45616450905799866, "30": 0.3782520294189453, "31": 0.4782335162162781, "32": 0.4622644782066345, "33": 0.5004581809043884, "34": 0.4734828472137451, "35": 0.3420252203941345, "36": 0.47798043489456177, "37": 0.35472482442855835, "38": 0.47925421595573425, "39": 0.4359463155269623, "40": 0.3734477758407593, "41": 0.4617578387260437, "42": 0.41453200578689575, "43": 0.5314797163009644, "44": 0.51473069190979, "45": 0.43864038586616516, "46": 0.492024302482605, "47": 0.5197986364364624, "48": 0.47660356760025024, "49": 0.36425626277923584, "50": 0.5474259853363037, "51": 0.4309585392475128, "52": 0.4938441812992096, "53": 0.37103205919265747, "54": 0.4446653127670288, "55": 0.4508545994758606, "56": 0.5066983699798584, "57": 0.4572049081325531, "58": 0.4805672764778137, "59": 0.38126906752586365, "60": 0.49431127309799194, "61": 0.5185881853103638, "62": 0.5028348565101624, "63": 0.5041265487670898, "64": 0.47596877813339233, "65": 0.5038294196128845, "66": 0.4807685613632202, "67": 0.4804028868675232, "68": 0.461411714553833, "69": 0.5248720049858093, "70": 0.5063894987106323, "71": 0.5221234560012817, "72": 0.45221149921417236, "73": 0.42497020959854126, "74": 0.42910680174827576, "75": 0.4850197434425354, "76": 0.4907376170158386, "77": 0.4965723156929016, "78": 0.4626123309135437, "79": 0.5087107419967651, "80": 0.4962376654148102, "81": 0.5071355104446411, "82": 0.512340784072876, "83": 0.5000721216201782, "84": 0.4687533974647522, "85": 0.5224865078926086, "86": 0.41826415061950684, "87": 0.4642984867095947, "88": 0.47031885385513306, "89": 0.44739198684692383, "90": 0.5429070591926575, "91": 0.43003666400909424, "92": 0.43689781427383423, "93": 0.49706608057022095, "94": 0.5080639123916626, "95": 0.5008519887924194, "96": 0.5279533863067627, "97": 0.47608283162117004, "98": 0.6120529174804688, "99": 0.3701215386390686, "100": 0.5156095027923584, "101": 0.4529933035373688, "102": 0.5890281796455383, "103": 0.5040040016174316, "104": 0.5239269733428955, "105": 0.4512317478656769, "106": 0.44220462441444397, "107": 0.5275475978851318, "108": 0.4495246112346649, "109": 0.48558005690574646, "110": 0.5724239945411682, "111": 0.37149763107299805, "112": 0.38641324639320374, "113": 0.41459688544273376, "114": 0.5255467891693115, "115": 0.4397937059402466, "116": 0.45477864146232605, "117": 0.35595113039016724, "118": 0.4622810184955597, "119": 0.4517395496368408, "120": 0.5435425639152527, "121": 0.4771381914615631, "122": 0.48273080587387085, "123": 0.5394744277000427, "124": 0.44925570487976074, "125": 0.4839727282524109, "126": 0.45933786034584045, "127": 0.49183976650238037, "128": 0.4180521070957184, "129": 0.47491055727005005, "130": 0.5027724504470825, "131": 0.5179707407951355, "132": 0.4598342180252075, "133": 0.4548286497592926, "134": 0.4650711715221405, "135": 0.4973715543746948, "136": 0.4631156921386719, "137": 0.4382287263870239, "138": 0.46682074666023254, "139": 0.41197672486305237, "140": 0.4232613444328308, "141": 0.5153182744979858, "142": 0.5291339159011841, "143": 0.4681243896484375, "144": 0.5300155878067017, "145": 0.4426582157611847, "146": 0.5237439870834351, "147": 0.38284868001937866, "148": 0.589624285697937, "149": 0.534108579158783, "150": 0.5133156180381775, "151": 0.5328837037086487, "152": 0.38854002952575684, "153": 0.4487147927284241, "154": 0.4510691165924072, "155": 0.47821441292762756, "156": 0.4524681270122528, "157": 0.44902804493904114, "158": 0.43527743220329285, "159": 0.4241947829723358, "160": 0.5450206995010376, "161": 0.4307241439819336, "162": 0.5061519145965576, "163": 0.4508005380630493, "164": 0.4890475571155548, "165": 0.5729244947433472, "166": 0.5175355672836304, "167": 0.5337950587272644, "168": 0.4260030686855316, "169": 0.573864221572876, "170": 0.4204781949520111, "171": 0.5090855956077576, "172": 0.38600024580955505, "173": 0.4187505543231964, "174": 0.5159355401992798, "175": 0.4997599720954895, "176": 0.5110154151916504, "177": 0.4867417812347412, "178": 0.4668888747692108, "179": 0.47003957629203796, "180": 0.47334158420562744, "181": 0.5108615756034851, "182": 0.468805193901062, "183": 0.5225332975387573, "184": 0.4015083611011505, "185": 0.49924489855766296, "186": 0.543027937412262, "187": 0.49655282497406006, "188": 0.5906974077224731, "189": 0.46376141905784607, "190": 0.4705175757408142, "191": 0.5439614057540894, "192": 0.5417162179946899, "193": 0.5260258913040161, "194": 0.5378769636154175, "195": 0.49938660860061646, "196": 0.51118403673172, "197": 0.36557939648628235, "198": 0.46257561445236206, "199": 0.47483542561531067, "200": 0.41057509183883667, "201": 0.44302505254745483, "202": 0.3524894118309021, "203": 0.5378880500793457, "204": 0.4175806939601898, "205": 0.48066946864128113, "206": 0.46568554639816284, "207": 0.5062720775604248, "208": 0.47604405879974365, "209": 0.47181621193885803, "210": 0.5012878179550171, "211": 0.4427540898323059, "212": 0.5099055171012878, "213": 0.5369383096694946, "214": 0.4300118088722229, "215": 0.4358895421028137, "216": 0.4793139398097992, "217": 0.4020324647426605, "218": 0.4645623564720154, "219": 0.49941134452819824, "220": 0.4288116693496704, "221": 0.5414179563522339, "222": 0.5707669258117676, "223": 0.4057126045227051, "224": 0.47655266523361206, "225": 0.5381410121917725, "226": 0.4909478724002838, "227": 0.4848206043243408, "228": 0.4955905079841614, "229": 0.5267118215560913, "230": 0.41451507806777954, "231": 0.5081645846366882, "232": 0.4398094415664673, "233": 0.5022417902946472, "234": 0.529676616191864, "235": 0.5327553749084473, "236": 0.5442135334014893, "237": 0.47508639097213745, "238": 0.4547556936740875, "239": 0.5569820404052734, "240": 0.521051287651062, "241": 0.4454091489315033, "242": 0.5187489986419678, "243": 0.4652723968029022, "244": 0.384500652551651, "245": 0.427472323179245, "246": 0.5003792643547058, "247": 0.48087114095687866, "248": 0.4323338270187378, "249": 0.4968971312046051, "250": 0.4537435472011566, "251": 0.45873934030532837, "252": 0.39931416511535645, "253": 0.4133847653865814, "254": 0.43593692779541016, "255": 0.4005736708641052, "256": 0.4969601035118103, "257": 0.41491588950157166, "258": 0.4321877062320709, "259": 0.46493464708328247, "260": 0.48539915680885315, "261": 0.4392838478088379, "262": 0.5043383240699768, "263": 0.4209476709365845, "264": 0.5184898972511292, "265": 0.44665753841400146, "266": 0.5221582055091858, "267": 0.45101118087768555, "268": 0.4566694498062134, "269": 0.5257961750030518, "270": 0.49977272748947144, "271": 0.5112161636352539, "272": 0.5105860233306885, "273": 0.4893786311149597, "274": 0.4711287021636963, "275": 0.5373528599739075, "276": 0.5038180351257324, "277": 0.4739658236503601, "278": 0.5448123216629028, "279": 0.4065172076225281, "280": 0.47841814160346985, "281": 0.5107951760292053, "282": 0.4985106587409973, "283": 0.3499301075935364, "284": 0.5222657918930054, "285": 0.4799594283103943, "286": 0.37982499599456787, "287": 0.38946500420570374, "288": 0.5091663599014282, "289": 0.48288047313690186, "290": 0.496059775352478, "291": 0.46691080927848816, "292": 0.4224678874015808, "293": 0.3395578861236572, "294": 0.43803510069847107, "295": 0.5176321268081665, "296": 0.49065476655960083,