{"0": 0.476858913898468, "1": 0.4466523230075836, "2": 0.4782029390335083, "3": 0.42857223749160767, "4": 0.43487393856048584, "5": 0.41432929039001465, "6": 0.49360373616218567, "7": 0.34284478425979614, "8": 0.415863960981369, "9": 0.5020166635513306, "10": 0.4920000731945038, "11": 0.4799306392669678, "12": 0.3704529404640198, "13": 0.42530035972595215, "14": 0.5272384881973267, "15": 0.3286263644695282, "16": 0.3675089478492737, "17": 0.4740716814994812, "18": 0.49470096826553345, "19": 0.44610217213630676, "20": 0.3543723225593567, "21": 0.5228679776191711, "22": 0.3754153847694397, "23": 0.46971312165260315, "24": 0.4555679261684418, "25": 0.5116605162620544, "26": 0.5004482865333557, "27": 0.5382254123687744, "28": 0.4497249126434326, "29": 0.46246251463890076, "30": 0.43607378005981445, "31": 0.4472752809524536, "32": 0.4538300633430481, "33": 0.5494399070739746, "34": 0.43105947971343994, "35": 0.4175003170967102, "36": 0.452597439289093, "37": 0.34787464141845703, "38": 0.44385236501693726, "39": 0.518848180770874, "40": 0.40357697010040283, "41": 0.4216189384460449, "42": 0.39784717559814453, "43": 0.4192671775817871, "44": 0.5058149099349976, "45": 0.45634639263153076, "46": 0.546323299407959, "47": 0.4599817097187042, "48": 0.36836767196655273, "49": 0.492157906293869, "50": 0.4358806014060974, "51": 0.4371984004974365, "52": 0.4836900234222412, "53": 0.4399353861808777, "54": 0.4778038263320923, "55": 0.504319429397583, "56": 0.46726101636886597, "57": 0.5017291307449341, "58": 0.4494229853153229, "59": 0.5120498538017273, "60": 0.47911983728408813, "61": 0.5051761269569397, "62": 0.49388623237609863, "63": 0.5470459461212158, "64": 0.4236535429954529, "65": 0.36764439940452576, "66": 0.4117189943790436, "67": 0.478394091129303, "68": 0.45336878299713135, "69": 0.4941723346710205, "70": 0.5164517164230347, "71": 0.5283982753753662, "72": 0.5438590049743652, "73": 0.38725632429122925, "74": 0.4218529760837555, "75": 0.46182143688201904, "76": 0.47105270624160767, "77": 0.4278707802295685, "78": 0.47529923915863037, "79": 0.49042439460754395, "80": 0.49254971742630005, "81": 0.5519204139709473, "82": 0.4723297357559204, "83": 0.4789034128189087, "84": 0.485435426235199, "85": 0.5342438220977783, "86": 0.49260807037353516, "87": 0.47332629561424255, "88": 0.4251529276371002, "89": 0.46066370606422424, "90": 0.45782411098480225, "91": 0.3906882703304291, "92": 0.5477067828178406, "93": 0.5451380014419556, "94": 0.5178872346878052, "95": 0.4731437861919403, "96": 0.43721717596054077, "97": 0.5174530148506165, "98": 0.24897676706314087, "99": 0.5113519430160522, "100": 0.521064281463623, "101": 0.4319538474082947, "102": 0.5225793123245239, "103": 0.5142415761947632, "104": 0.5650385022163391, "105": 0.5043898224830627, "106": 0.4651101529598236, "107": 0.5473150014877319, "108": 0.5289577841758728, "109": 0.5478193759918213, "110": 0.5374255180358887, "111": 0.518222987651825, "112": 0.5398843288421631, "113": 0.49351978302001953, "114": 0.5620006322860718, "115": 0.5342906713485718, "116": 0.43874242901802063, "117": 0.47489410638809204, "118": 0.4965382516384125, "119": 0.4893592596054077, "120": 0.49961891770362854, "121": 0.38317447900772095, "122": 0.5301966667175293, "123": 0.5586869120597839, "124": 0.47532933950424194, "125": 0.49248194694519043, "126": 0.5037003755569458, "127": 0.5320587158203125, "128": 0.46910274028778076, "129": 0.463403582572937, "130": 0.5123357772827148, "131": 0.4897751212120056, "132": 0.5318542122840881, "133": 0.4210952818393707, "134": 0.4750725328922272, "135": 0.5222293138504028, "136": 0.4236886203289032, "137": 0.5059205889701843, "138": 0.5325990319252014, "139": 0.49272698163986206, "140": 0.48325487971305847, "141": 0.4802778363227844, "142": 0.4809458553791046, "143": 0.5199906826019287, "144": 0.44061702489852905, "145": 0.524479329586029, "146": 0.43454426527023315, "147": 0.4376590847969055, "148": 0.47950541973114014, "149": 0.4249323010444641, "150": 0.44527918100357056, "151": 0.36777567863464355, "152": 0.43916821479797363, "153": 0.5053943991661072, "154": 0.5371024012565613, "155": 0.4803171753883362, "156": 0.4351891279220581, "157": 0.46827226877212524, "158": 0.4528370499610901, "159": 0.3990728259086609, "160": 0.5243216753005981, "161": 0.5010302066802979, "162": 0.5514748692512512, "163": 0.39021629095077515, "164": 0.5276011228561401, "165": 0.46455854177474976, "166": 0.4406261146068573, "167": 0.4317420721054077, "168": 0.514184296131134, "169": 0.51752769947052, "170": 0.5226513147354126, "171": 0.4581088125705719, "172": 0.360649049282074, "173": 0.43596991896629333, "174": 0.5418911576271057, "175": 0.4998457133769989, "176": 0.5149943232536316, "177": 0.5227183103561401, "178": 0.4576400816440582, "179": 0.48659634590148926, "180": 0.4804980158805847, "181": 0.4529140591621399, "182": 0.5973246097564697, "183": 0.5341094732284546, "184": 0.41917622089385986, "185": 0.4758134186267853, "186": 0.5404394865036011, "187": 0.5696781277656555, "188": 0.5484533905982971, "189": 0.5292111039161682, "190": 0.492511123418808, "191": 0.48027127981185913, "192": 0.49280840158462524, "193": 0.4569641947746277, "194": 0.4767141342163086, "195": 0.5455468893051147, "196": 0.5230716466903687, "197": 0.49653613567352295, "198": 0.4964997172355652, "199": 0.4596092402935028, "200": 0.49032703042030334, "201": 0.2901819944381714, "202": 0.39549994468688965, "203": 0.43759042024612427, "204": 0.4575270414352417, "205": 0.4624461829662323, "206": 0.49075496196746826, "207": 0.2852121889591217, "208": 0.4112979769706726, "209": 0.4473126232624054, "210": 0.42888736724853516, "211": 0.4746454358100891, "212": 0.5808074474334717, "213": 0.4800577759742737, "214": 0.4167206287384033, "215": 0.33139070868492126, "216": 0.41340214014053345, "217": 0.4008423089981079, "218": 0.4682241380214691, "219": 0.38902491331100464, "220": 0.3393250107765198, "221": 0.44092148542404175, "222": 0.5137811303138733, "223": 0.3978172242641449, "224": 0.5100340843200684, "225": 0.4179651737213135, "226": 0.4773153066635132, "227": 0.4818982481956482, "228": 0.28965169191360474, "229": 0.49984341859817505, "230": 0.3912680745124817, "231": 0.5117397308349609, "232": 0.4323762059211731, "233": 0.5380935668945312, "234": 0.499179869890213, "235": 0.5602953433990479, "236": 0.49682050943374634, "237": 0.4788082242012024, "238": 0.49996620416641235, "239": 0.5613604784011841, "240": 0.5198425650596619, "241": 0.550236701965332, "242": 0.4902259409427643, "243": 0.45582354068756104, "244": 0.40469858050346375, "245": 0.4931425452232361, "246": 0.4391446113586426, "247": 0.4634777903556824, "248": 0.5003824234008789, "249": 0.5028942227363586, "250": 0.4874730706214905, "251": 0.49705031514167786, "252": 0.4341081976890564, "253": 0.4653235375881195, "254": 0.3557228446006775, "255": 0.4788249135017395, "256": 0.47869646549224854, "257": 0.43564534187316895, "258": 0.41728994250297546, "259": 0.4567180871963501, "260": 0.5371103286743164, "261": 0.3975396752357483, "262": 0.5197291374206543, "263": 0.43466800451278687, "264": 0.5061845779418945, "265": 0.4543412923812866, "266": 0.43640726804733276, "267": 0.32248759269714355, "268": 0.4121374785900116, "269": 0.5046682953834534, "270": 0.4589441120624542, "271": 0.49371403455734253, "272": 0.4425361156463623, "273": 0.4489719271659851, "274": 0.46924570202827454, "275": 0.43972915410995483, "276": 0.4297320544719696, "277": 0.4983114004135132, "278": 0.4656882584095001, "279": 0.4307372570037842, "280": 0.4332408308982849, "281": 0.44714808464050293, "282": 0.5579506754875183, "283": 0.34035614132881165, "284": 0.48057809472084045, "285": 0.4191860556602478, "286": 0.3493846654891968, "287": 0.42830097675323486, "288": 0.545832633972168, "289": 0.3531509041786194, "290": 0.43643417954444885, "291": 0.42277467250823975, "292": 0.4505171477794647, "293": 0.41912099719047546, "294": 0.42646774649620056, "295": 0.4835386574268341, "296": 0.4637635350227356,