{"0": 0.3662192225456238, "1": 0.39184871315956116, "2": 0.45230498909950256, "3": 0.4526948928833008, "4": 0.4106583595275879, "5": 0.3963882029056549, "6": 0.5024275183677673, "7": 0.302783727645874, "8": 0.46233126521110535, "9": 0.5190941095352173, "10": 0.35549265146255493, "11": 0.3251206874847412, "12": 0.4323091208934784, "13": 0.4014062285423279, "14": 0.4105079770088196, "15": 0.3485912084579468, "16": 0.41369351744651794, "17": 0.3312614858150482, "18": 0.5061452388763428, "19": 0.36155828833580017, "20": 0.33424025774002075, "21": 0.44253623485565186, "22": 0.475087970495224, "23": 0.3773705065250397, "24": 0.36934149265289307, "25": 0.5248761773109436, "26": 0.44185686111450195, "27": 0.3113113343715668, "28": 0.41788291931152344, "29": 0.4559071660041809, "30": 0.394104927778244, "31": 0.31534290313720703, "32": 0.3879392743110657, "33": 0.4044778347015381, "34": 0.45119714736938477, "35": 0.41816985607147217, "36": 0.34595176577568054, "37": 0.4485686421394348, "38": 0.44432300329208374, "39": 0.2859102487564087, "40": 0.4197213053703308, "41": 0.3711344599723816, "42": 0.3403930962085724, "43": 0.44495055079460144, "44": 0.4425424337387085, "45": 0.5042681694030762, "46": 0.5145655870437622, "47": 0.41208329796791077, "48": 0.4673229455947876, "49": 0.37453407049179077, "50": 0.28176674246788025, "51": 0.31531184911727905, "52": 0.40800485014915466, "53": 0.4996906816959381, "54": 0.2852904796600342, "55": 0.41284894943237305, "56": 0.4153713583946228, "57": 0.4324699938297272, "58": 0.4250655770301819, "59": 0.43665608763694763, "60": 0.447845458984375, "61": 0.3910999000072479, "62": 0.4798358380794525, "63": 0.4923469126224518, "64": 0.5194927453994751, "65": 0.3452271819114685, "66": 0.4822007417678833, "67": 0.4036957621574402, "68": 0.3964974284172058, "69": 0.3896951675415039, "70": 0.3713131546974182, "71": 0.3483056426048279, "72": 0.2592579424381256, "73": 0.33388233184814453, "74": 0.33499011397361755, "75": 0.4644055664539337, "76": 0.4453551173210144, "77": 0.28709298372268677, "78": 0.36101651191711426, "79": 0.38578253984451294, "80": 0.17554789781570435, "81": 0.4511808156967163, "82": 0.44033923745155334, "83": 0.47869354486465454, "84": 0.44026562571525574, "85": 0.496264785528183, "86": 0.3752565383911133, "87": 0.40293407440185547, "88": 0.3808099031448364, "89": 0.4231595993041992, "90": 0.30947500467300415, "91": 0.33882462978363037, "92": 0.2751499116420746, "93": 0.47851353883743286, "94": 0.45317527651786804, "95": 0.4424183964729309, "96": 0.32645028829574585, "97": 0.4246637225151062, "98": 0.41008639335632324, "99": 0.42765113711357117, "100": 0.42630302906036377, "101": 0.37524402141571045, "102": 0.33468395471572876, "103": 0.4594471752643585, "104": 0.5253549814224243, "105": 0.48988187313079834, "106": 0.3648090958595276, "107": 0.40281665325164795, "108": 0.3702593147754669, "109": 0.2904486060142517, "110": 0.3504126965999603, "111": 0.4317549765110016, "112": 0.2832885980606079, "113": 0.3747701346874237, "114": 0.3853245973587036, "115": 0.46030598878860474, "116": 0.4445578157901764, "117": 0.35980290174484253, "118": 0.4150332808494568, "119": 0.45358094573020935, "120": 0.29292720556259155, "121": 0.3738451302051544, "122": 0.3684003949165344, "123": 0.4894137978553772, "124": 0.43992114067077637, "125": 0.4705830514431, "126": 0.45369720458984375, "127": 0.4419533312320709, "128": 0.356391966342926, "129": 0.47101080417633057, "130": 0.4748707413673401, "131": 0.45228999853134155, "132": 0.4956502914428711, "133": 0.38497763872146606, "134": 0.43365970253944397, "135": 0.47868797183036804, "136": 0.460737407207489, "137": 0.47690021991729736, "138": 0.44603192806243896, "139": 0.4721747636795044, "140": 0.43748655915260315, "141": 0.35538503527641296, "142": 0.3841904401779175, "143": 0.5224108099937439, "144": 0.4442633092403412, "145": 0.4504598379135132, "146": 0.42420196533203125, "147": 0.3203256130218506, "148": 0.41853779554367065, "149": 0.37345609068870544, "150": 0.36107736825942993, "151": 0.45869016647338867, "152": 0.47263652086257935, "153": 0.4726591110229492, "154": 0.42983752489089966, "155": 0.5226314067840576, "156": 0.4033561050891876, "157": 0.47072792053222656, "158": 0.5113143920898438, "159": 0.41525429487228394, "160": 0.4917650520801544, "161": 0.39634692668914795, "162": 0.545764684677124, "163": 0.4344406723976135, "164": 0.5022897720336914, "165": 0.47557854652404785, "166": 0.45859235525131226, "167": 0.43023616075515747, "168": 0.41855913400650024, "169": 0.4335162341594696, "170": 0.379516065120697, "171": 0.44734135270118713, "172": 0.39024817943573, "173": 0.4622091054916382, "174": 0.4031888246536255, "175": 0.4579383432865143, "176": 0.4532849192619324, "177": 0.37629765272140503, "178": 0.4224916100502014, "179": 0.41571885347366333, "180": 0.4436345100402832, "181": 0.3675268888473511, "182": 0.46063655614852905, "183": 0.42918211221694946, "184": 0.3520009517669678, "185": 0.3995824456214905, "186": 0.45110034942626953, "187": 0.41423243284225464, "188": 0.3467339873313904, "189": 0.47249338030815125, "190": 0.38423097133636475, "191": 0.36004430055618286, "192": 0.4150070250034332, "193": 0.4458892345428467, "194": 0.2733457386493683, "195": 0.5059909820556641, "196": 0.48404449224472046, "197": 0.5045976638793945, "198": 0.46074041724205017, "199": 0.5007694959640503, "200": 0.47141337394714355, "201": 0.34085536003112793, "202": 0.3831520676612854, "203": 0.4688347578048706, "204": 0.4396147131919861, "205": 0.28831204771995544, "206": 0.4503665864467621, "207": 0.36423754692077637, "208": 0.3827357888221741, "209": 0.3801916837692261, "210": 0.41877520084381104, "211": 0.3457326292991638, "212": 0.3969556391239166, "213": 0.4814452528953552, "214": 0.279854953289032, "215": 0.38380807638168335, "216": 0.41350704431533813, "217": 0.3865591883659363, "218": 0.38783591985702515, "219": 0.3774120807647705, "220": 0.4074733257293701, "221": 0.3915141224861145, "222": 0.22115252912044525, "223": 0.3283262252807617, "224": 0.3397638201713562, "225": 0.4411889314651489, "226": 0.4955659508705139, "227": 0.3896693289279938, "228": 0.38445717096328735, "229": 0.3638051152229309, "230": 0.3788710832595825, "231": 0.5281330943107605, "232": 0.43017494678497314, "233": 0.47112518548965454, "234": 0.3568112254142761, "235": 0.37266308069229126, "236": 0.5058608651161194, "237": 0.4878801703453064, "238": 0.4652693569660187, "239": 0.2861440181732178, "240": 0.44700682163238525, "241": 0.4604857563972473, "242": 0.3554322421550751, "243": 0.5019159317016602, "244": 0.33957821130752563, "245": 0.4201667308807373, "246": 0.369901180267334, "247": 0.3672235906124115, "248": 0.4421042203903198, "249": 0.44331857562065125, "250": 0.44966450333595276, "251": 0.4572799503803253, "252": 0.38247203826904297, "253": 0.3736014664173126, "254": 0.3009263873100281, "255": 0.4212118089199066, "256": 0.474437415599823, "257": 0.3647148013114929, "258": 0.5177186131477356, "259": 0.4231661260128021, "260": 0.47376954555511475, "261": 0.4101502001285553, "262": 0.36367788910865784, "263": 0.4464840888977051, "264": 0.39048832654953003, "265": 0.3471965789794922, "266": 0.421364426612854, "267": 0.37858450412750244, "268": 0.32658714056015015, "269": 0.4785846471786499, "270": 0.436701238155365, "271": 0.47391194105148315, "272": 0.433796226978302, "273": 0.40689295530319214, "274": 0.49143561720848083, "275": 0.39324724674224854, "276": 0.264421671628952, "277": 0.3661462068557739, "278": 0.33951330184936523, "279": 0.4946633279323578, "280": 0.40191662311553955, "281": 0.43272072076797485, "282": 0.43933629989624023, "283": 0.3859761357307434, "284": 0.4851527810096741, "285": 0.3731148838996887, "286": 0.3645370602607727, "287": 0.37898653745651245, "288": 0.3529408872127533, "289": 0.3342089056968689, "290": 0.3918248116970062, "291": 0.44297879934310913, "292": 0.42476293444633484, "293": 0.3188105523586273, "294": 0.44005584716796875, "295": 0.39866089820861816,