{"0": 0.27258631587028503, "1": 0.29104098677635193, "2": 0.24787507951259613, "3": 0.26622164249420166, "4": 0.21626125276088715, "5": 0.2940053939819336, "6": 0.2679789960384369, "7": 0.2045433521270752, "8": 0.27811312675476074, "9": 0.26801249384880066, "10": 0.3022022843360901, "11": 0.2667205333709717, "12": 0.3205317258834839, "13": 0.3110978305339813, "14": 0.315919429063797, "15": 0.23359939455986023, "16": 0.2615451216697693, "17": 0.2794227600097656, "18": 0.31491801142692566, "19": 0.2516305446624756, "20": 0.28560641407966614, "21": 0.3054236173629761, "22": 0.2961312234401703, "23": 0.2933405339717865, "24": 0.28974682092666626, "25": 0.30131885409355164, "26": 0.26605653762817383, "27": 0.2985745072364807, "28": 0.3250057101249695, "29": 0.2437116801738739, "30": 0.25348642468452454, "31": 0.3031329810619354, "32": 0.21553575992584229, "33": 0.3200460970401764, "34": 0.2846774458885193, "35": 0.3268560767173767, "36": 0.26922956109046936, "37": 0.26954519748687744, "38": 0.2791864573955536, "39": 0.23391208052635193, "40": 0.27250590920448303, "41": 0.2969045341014862, "42": 0.26696649193763733, "43": 0.24732103943824768, "44": 0.24580542743206024, "45": 0.23770354688167572, "46": 0.29301217198371887, "47": 0.2341735064983368, "48": 0.2828825116157532, "49": 0.22813381254673004, "50": 0.35357457399368286, "51": 0.3127768337726593, "52": 0.3601609468460083, "53": 0.2639915347099304, "54": 0.3524986207485199, "55": 0.29679641127586365, "56": 0.3219379782676697, "57": 0.3456750214099884, "58": 0.24626676738262177, "59": 0.2681213915348053, "60": 0.27831724286079407, "61": 0.35484451055526733, "62": 0.32626160979270935, "63": 0.30930837988853455, "64": 0.3634907901287079, "65": 0.3352773189544678, "66": 0.275762140750885, "67": 0.2942860424518585, "68": 0.3162415325641632, "69": 0.3190654218196869, "70": 0.3090682923793793, "71": 0.25902509689331055, "72": 0.28723233938217163, "73": 0.25081324577331543, "74": 0.2732517719268799, "75": 0.25374436378479004, "76": 0.2781868278980255, "77": 0.3542826175689697, "78": 0.31439638137817383, "79": 0.2816280126571655, "80": 0.28370463848114014, "81": 0.3334180414676666, "82": 0.25406160950660706, "83": 0.32047420740127563, "84": 0.3029615879058838, "85": 0.3068974018096924, "86": 0.2869786322116852, "87": 0.27671077847480774, "88": 0.2674258351325989, "89": 0.25901827216148376, "90": 0.268700510263443, "91": 0.3022843301296234, "92": 0.2525309920310974, "93": 0.301046758890152, "94": 0.3648720383644104, "95": 0.30213162302970886, "96": 0.29504987597465515, "97": 0.2887892723083496, "98": 0.2338898777961731, "99": 0.2685320973396301, "100": 0.20211398601531982, "101": 0.2714404761791229, "102": 0.32610148191452026, "103": 0.3608555495738983, "104": 0.3230328857898712, "105": 0.3504161536693573, "106": 0.3256394863128662, "107": 0.3475913107395172, "108": 0.2701321840286255, "109": 0.27214285731315613, "110": 0.3187125325202942, "111": 0.3077037036418915, "112": 0.29573750495910645, "113": 0.31032609939575195, "114": 0.28867506980895996, "115": 0.34089168906211853, "116": 0.22499701380729675, "117": 0.2622319459915161, "118": 0.32747337222099304, "119": 0.3333396315574646, "120": 0.34594297409057617, "121": 0.2689858675003052, "122": 0.2994220554828644, "123": 0.35380324721336365, "124": 0.3223973214626312, "125": 0.3129346966743469, "126": 0.29438984394073486, "127": 0.3446982204914093, "128": 0.3276107609272003, "129": 0.36069318652153015, "130": 0.3349289894104004, "131": 0.2619381546974182, "132": 0.29688429832458496, "133": 0.28005361557006836, "134": 0.40843507647514343, "135": 0.30488190054893494, "136": 0.3198542892932892, "137": 0.32904475927352905, "138": 0.28128305077552795, "139": 0.29278114438056946, "140": 0.22851836681365967, "141": 0.3207581639289856, "142": 0.3300822973251343, "143": 0.2840978801250458, "144": 0.29350745677948, "145": 0.33609074354171753, "146": 0.2667185068130493, "147": 0.2604910433292389, "148": 0.3393440842628479, "149": 0.27412059903144836, "150": 0.3033740818500519, "151": 0.304110050201416, "152": 0.36693722009658813, "153": 0.29546287655830383, "154": 0.254185289144516, "155": 0.277043879032135, "156": 0.2955589294433594, "157": 0.36429107189178467, "158": 0.3590288758277893, "159": 0.3566451966762543, "160": 0.3138461410999298, "161": 0.2796097993850708, "162": 0.3518300950527191, "163": 0.306077778339386, "164": 0.3168831765651703, "165": 0.26713860034942627, "166": 0.2587311863899231, "167": 0.25153547525405884, "168": 0.3447248041629791, "169": 0.30324700474739075, "170": 0.2974087595939636, "171": 0.27842140197753906, "172": 0.2975746691226959, "173": 0.3298684060573578, "174": 0.2554267346858978, "175": 0.3127138614654541, "176": 0.263812392950058, "177": 0.27928778529167175, "178": 0.270323783159256, "179": 0.3115573823451996, "180": 0.3012668490409851, "181": 0.3328178822994232, "182": 0.2918468415737152, "183": 0.29950934648513794, "184": 0.21853072941303253, "185": 0.3261345624923706, "186": 0.2623780369758606, "187": 0.31972578167915344, "188": 0.26768308877944946, "189": 0.3046012222766876, "190": 0.29656100273132324, "191": 0.28914502263069153, "192": 0.2985464632511139, "193": 0.3185843229293823, "194": 0.3355545401573181, "195": 0.21625137329101562, "196": 0.2829093337059021, "197": 0.28591620922088623, "198": 0.2879088222980499, "199": 0.26658621430397034, "200": 0.2558973729610443, "201": 0.32944291830062866, "202": 0.3144987225532532, "203": 0.30272820591926575, "204": 0.3528401553630829, "205": 0.27714911103248596, "206": 0.3799913823604584, "207": 0.34050416946411133, "208": 0.28492027521133423, "209": 0.2643541395664215, "210": 0.2702792286872864, "211": 0.22159290313720703, "212": 0.24590907990932465, "213": 0.3062877953052521, "214": 0.3008902370929718, "215": 0.28796398639678955, "216": 0.3330743610858917, "217": 0.25119727849960327, "218": 0.31249159574508667, "219": 0.2730391323566437, "220": 0.25343558192253113, "221": 0.2426823526620865, "222": 0.2620480954647064, "223": 0.26262667775154114, "224": 0.2632793188095093, "225": 0.2990650236606598, "226": 0.3469972610473633, "227": 0.2809935212135315, "228": 0.29091352224349976, "229": 0.32785913348197937, "230": 0.29886776208877563, "231": 0.3878128230571747, "232": 0.29959598183631897, "233": 0.33222463726997375, "234": 0.2868947386741638, "235": 0.3182351589202881, "236": 0.28836798667907715, "237": 0.2379102259874344, "238": 0.3682819902896881, "239": 0.37535184621810913, "240": 0.32760119438171387, "241": 0.2980325222015381, "242": 0.29666462540626526, "243": 0.26803773641586304, "244": 0.2975962162017822, "245": 0.2669100761413574, "246": 0.3141622543334961, "247": 0.3495709300041199, "248": 0.3269246816635132, "249": 0.28106704354286194, "250": 0.30976513028144836, "251": 0.24199549853801727, "252": 0.1934318095445633, "253": 0.29645782709121704, "254": 0.3555692434310913, "255": 0.2535986304283142, "256": 0.24533721804618835, "257": 0.26631736755371094, "258": 0.24317240715026855, "259": 0.3042081594467163, "260": 0.2798353135585785, "261": 0.27431902289390564, "262": 0.28878119587898254, "263": 0.29710856080055237, "264": 0.32793518900871277, "265": 0.26179826259613037, "266": 0.2776578664779663, "267": 0.26291710138320923, "268": 0.2725466191768646, "269": 0.3905365467071533, "270": 0.3526206910610199, "271": 0.37143972516059875, "272": 0.34783026576042175, "273": 0.2833820879459381, "274": 0.2605608403682709, "275": 0.29449427127838135, "276": 0.27982059121131897, "277": 0.3231068253517151, "278": 0.2350011020898819, "279": 0.31037580966949463, "280": 0.3021574318408966, "281": 0.27275389432907104, "282": 0.2893473207950592, "283": 0.25970959663391113, "284": 0.31465333700180054, "285": 0.21824733912944794, "286": 0.3050478398799896, "287": 0.2374173104763031, "288": 0.3095560669898987, "289": 0.23122306168079376, "290": 0.3141466975212097, "291": 0.2719140648841858, "292": 0.1847473829984665, "293": 0.23536212742328644, "294": 0.37191256880760193,