{"0": 0.32728224992752075, "1": 0.30417925119400024, "2": 0.26980847120285034, "3": 0.1991702914237976, "4": 0.2303728461265564, "5": 0.34126409888267517, "6": 0.22624942660331726, "7": 0.3127158284187317, "8": 0.25190818309783936, "9": 0.2593626379966736, "10": 0.37271904945373535, "11": 0.3100813329219818, "12": 0.3061549663543701, "13": 0.27314329147338867, "14": 0.18058614432811737, "15": 0.21372291445732117, "16": 0.1867162585258484, "17": 0.2600144147872925, "18": 0.3073461949825287, "19": 0.20518772304058075, "20": 0.23774489760398865, "21": 0.3022632896900177, "22": 0.3180551826953888, "23": 0.28779324889183044, "24": 0.3147425055503845, "25": 0.28404706716537476, "26": 0.35969507694244385, "27": 0.3057110607624054, "28": 0.3036442697048187, "29": 0.27587535977363586, "30": 0.22800877690315247, "31": 0.31570062041282654, "32": 0.26601943373680115, "33": 0.3775872588157654, "34": 0.2566520571708679, "35": 0.27325817942619324, "36": 0.3206171989440918, "37": 0.2703549563884735, "38": 0.2542816996574402, "39": 0.27674588561058044, "40": 0.24379590153694153, "41": 0.3094954490661621, "42": 0.2464064210653305, "43": 0.25838008522987366, "44": 0.30435171723365784, "45": 0.2616417706012726, "46": 0.272410124540329, "47": 0.31364428997039795, "48": 0.27889591455459595, "49": 0.2345963567495346, "50": 0.2870461940765381, "51": 0.23518191277980804, "52": 0.35017016530036926, "53": 0.30156978964805603, "54": 0.2596682012081146, "55": 0.3174950182437897, "56": 0.3281291425228119, "57": 0.3346576988697052, "58": 0.3132573366165161, "59": 0.3211338222026825, "60": 0.289504736661911, "61": 0.3110613226890564, "62": 0.3061526119709015, "63": 0.28991496562957764, "64": 0.3183463215827942, "65": 0.2486763596534729, "66": 0.27647683024406433, "67": 0.251192569732666, "68": 0.3305307626724243, "69": 0.24050742387771606, "70": 0.29213523864746094, "71": 0.3559130132198334, "72": 0.3050632178783417, "73": 0.2301529049873352, "74": 0.28354620933532715, "75": 0.3269689083099365, "76": 0.31214314699172974, "77": 0.3471340835094452, "78": 0.2992155849933624, "79": 0.3026471436023712, "80": 0.3204594850540161, "81": 0.3063052296638489, "82": 0.3263504207134247, "83": 0.2820911705493927, "84": 0.2620623707771301, "85": 0.34456300735473633, "86": 0.2674396336078644, "87": 0.2712675929069519, "88": 0.27644023299217224, "89": 0.3079470098018646, "90": 0.30463865399360657, "91": 0.30827537178993225, "92": 0.27904045581817627, "93": 0.2718566954135895, "94": 0.30737626552581787, "95": 0.3073924481868744, "96": 0.2739827334880829, "97": 0.2983519434928894, "98": 0.2475014626979828, "99": 0.29930904507637024, "100": 0.28343066573143005, "101": 0.2723042964935303, "102": 0.27559855580329895, "103": 0.34225958585739136, "104": 0.32544761896133423, "105": 0.30668801069259644, "106": 0.3012579083442688, "107": 0.3510458767414093, "108": 0.2202041894197464, "109": 0.32720300555229187, "110": 0.28019165992736816, "111": 0.37063276767730713, "112": 0.1837238222360611, "113": 0.3250473737716675, "114": 0.31707659363746643, "115": 0.36260876059532166, "116": 0.2552281618118286, "117": 0.26081177592277527, "118": 0.2752986550331116, "119": 0.34002408385276794, "120": 0.3501810133457184, "121": 0.2582879662513733, "122": 0.3577299416065216, "123": 0.3610498905181885, "124": 0.3054930567741394, "125": 0.2427428811788559, "126": 0.28857579827308655, "127": 0.3306557238101959, "128": 0.2887840270996094, "129": 0.33820587396621704, "130": 0.34185901284217834, "131": 0.25647199153900146, "132": 0.2462717443704605, "133": 0.30461978912353516, "134": 0.3514896035194397, "135": 0.2908763587474823, "136": 0.2614676356315613, "137": 0.3066990077495575, "138": 0.29203882813453674, "139": 0.30073538422584534, "140": 0.28170526027679443, "141": 0.3491751551628113, "142": 0.2951662242412567, "143": 0.3160577118396759, "144": 0.29812583327293396, "145": 0.2890816926956177, "146": 0.31740808486938477, "147": 0.3180968165397644, "148": 0.31360581517219543, "149": 0.33665910363197327, "150": 0.3288038969039917, "151": 0.3283007740974426, "152": 0.20871132612228394, "153": 0.34387606382369995, "154": 0.3391932249069214, "155": 0.32003921270370483, "156": 0.27605363726615906, "157": 0.3013094663619995, "158": 0.22503691911697388, "159": 0.2939506471157074, "160": 0.31428712606430054, "161": 0.29920923709869385, "162": 0.2780483663082123, "163": 0.23788972198963165, "164": 0.30013707280158997, "165": 0.32001036405563354, "166": 0.3043437898159027, "167": 0.2752991318702698, "168": 0.33213889598846436, "169": 0.28274327516555786, "170": 0.25060123205184937, "171": 0.33600354194641113, "172": 0.2964102029800415, "173": 0.3286465108394623, "174": 0.29093262553215027, "175": 0.3415062427520752, "176": 0.2485521137714386, "177": 0.26677942276000977, "178": 0.2874968945980072, "179": 0.20355235040187836, "180": 0.2904997169971466, "181": 0.331559956073761, "182": 0.38272473216056824, "183": 0.28303828835487366, "184": 0.2857684791088104, "185": 0.31478002667427063, "186": 0.30616331100463867, "187": 0.36531493067741394, "188": 0.30185943841934204, "189": 0.2488110512495041, "190": 0.27726081013679504, "191": 0.2952998876571655, "192": 0.3412773013114929, "193": 0.3481445908546448, "194": 0.3084515929222107, "195": 0.33582809567451477, "196": 0.35086095333099365, "197": 0.32269737124443054, "198": 0.31222397089004517, "199": 0.2798191010951996, "200": 0.26727885007858276, "201": 0.3226623237133026, "202": 0.21586963534355164, "203": 0.3468879163265228, "204": 0.3020530343055725, "205": 0.2799387276172638, "206": 0.2840074896812439, "207": 0.34049543738365173, "208": 0.29070574045181274, "209": 0.3130565285682678, "210": 0.26232725381851196, "211": 0.40406325459480286, "212": 0.3230951726436615, "213": 0.2947099804878235, "214": 0.30772143602371216, "215": 0.2498188316822052, "216": 0.34220999479293823, "217": 0.2892357409000397, "218": 0.2979213297367096, "219": 0.25337889790534973, "220": 0.2890157997608185, "221": 0.3131483495235443, "222": 0.32449787855148315, "223": 0.31554749608039856, "224": 0.2805459499359131, "225": 0.2682983875274658, "226": 0.26056990027427673, "227": 0.303191214799881, "228": 0.2829849123954773, "229": 0.2651729881763458, "230": 0.2928524613380432, "231": 0.354027658700943, "232": 0.20658732950687408, "233": 0.30493953824043274, "234": 0.2610465884208679, "235": 0.3133595287799835, "236": 0.25338712334632874, "237": 0.329917848110199, "238": 0.2875584661960602, "239": 0.3445178270339966, "240": 0.3755090534687042, "241": 0.2574602961540222, "242": 0.38702550530433655, "243": 0.3429657518863678, "244": 0.2616386115550995, "245": 0.305888295173645, "246": 0.3075953722000122, "247": 0.28678199648857117, "248": 0.13377629220485687, "249": 0.29834479093551636, "250": 0.3189694285392761, "251": 0.288512259721756, "252": 0.2963142395019531, "253": 0.28677424788475037, "254": 0.3236229717731476, "255": 0.2611745595932007, "256": 0.35532304644584656, "257": 0.3104988932609558, "258": 0.2376662641763687, "259": 0.31924211978912354, "260": 0.3034118115901947, "261": 0.33064910769462585, "262": 0.303695946931839, "263": 0.16890200972557068, "264": 0.3540106415748596, "265": 0.20723068714141846, "266": 0.2965311110019684, "267": 0.35683518648147583, "268": 0.26186075806617737, "269": 0.31701961159706116, "270": 0.3140007555484772, "271": 0.391257107257843, "272": 0.38283848762512207, "273": 0.23939308524131775, "274": 0.29703593254089355, "275": 0.3112894296646118, "276": 0.2672635316848755, "277": 0.32207348942756653, "278": 0.303622305393219, "279": 0.3124282956123352, "280": 0.357807457447052, "281": 0.3220752775669098, "282": 0.2701990604400635, "283": 0.29747191071510315, "284": 0.27624520659446716, "285": 0.2737129032611847, "286": 0.32519903779029846, "287": 0.25577297806739807, "288": 0.29581207036972046, "289": 0.19140706956386566, "290": 0.25966885685920715, "291": 0.28920090198516846, "292": 0.2782616913318634, "293": 0.3062233626842499, "294": 0.25876474380493164,