{"0": 0.2587521970272064, "1": 0.28610163927078247, "2": 0.2455437332391739, "3": 0.24831046164035797, "4": 0.19885630905628204, "5": 0.35609105229377747, "6": 0.25615984201431274, "7": 0.1678018718957901, "8": 0.26567986607551575, "9": 0.30268415808677673, "10": 0.30918529629707336, "11": 0.2268517166376114, "12": 0.27865010499954224, "13": 0.2707168459892273, "14": 0.29566672444343567, "15": 0.2254597693681717, "16": 0.2098873257637024, "17": 0.21038132905960083, "18": 0.3332540988922119, "19": 0.17300516366958618, "20": 0.19170327484607697, "21": 0.2973267436027527, "22": 0.29115206003189087, "23": 0.26709699630737305, "24": 0.27164241671562195, "25": 0.3105395436286926, "26": 0.30216920375823975, "27": 0.20111656188964844, "28": 0.2066185623407364, "29": 0.27922627329826355, "30": 0.23999884724617004, "31": 0.21633614599704742, "32": 0.26298096776008606, "33": 0.28484365344047546, "34": 0.3035811185836792, "35": 0.3225145637989044, "36": 0.18961462378501892, "37": 0.2561662197113037, "38": 0.24000298976898193, "39": 0.14751079678535461, "40": 0.2803696095943451, "41": 0.18031784892082214, "42": 0.2269577533006668, "43": 0.2587940990924835, "44": 0.28900641202926636, "45": 0.3036852180957794, "46": 0.27912044525146484, "47": 0.24668492376804352, "48": 0.28826043009757996, "49": 0.2445947527885437, "50": 0.20270617306232452, "51": 0.1982990801334381, "52": 0.2580639123916626, "53": 0.3119427263736725, "54": 0.2686995267868042, "55": 0.2765909731388092, "56": 0.2724689245223999, "57": 0.273554265499115, "58": 0.2876603603363037, "59": 0.24574516713619232, "60": 0.31939759850502014, "61": 0.2737165689468384, "62": 0.21315035223960876, "63": 0.2607203423976898, "64": 0.32412901520729065, "65": 0.145529642701149, "66": 0.26163172721862793, "67": 0.22489072382450104, "68": 0.2590164840221405, "69": 0.24119718372821808, "70": 0.30907344818115234, "71": 0.2571325898170471, "72": 0.10695567727088928, "73": 0.23033739626407623, "74": 0.16489720344543457, "75": 0.2882203757762909, "76": 0.23128487169742584, "77": 0.24950329959392548, "78": 0.1975332796573639, "79": 0.24331310391426086, "80": 0.23648782074451447, "81": 0.23165489733219147, "82": 0.2802606225013733, "83": 0.2955854535102844, "84": 0.21435585618019104, "85": 0.27610376477241516, "86": 0.20525385439395905, "87": 0.24124622344970703, "88": 0.3173443078994751, "89": 0.29734063148498535, "90": 0.16433992981910706, "91": 0.22752177715301514, "92": 0.20712308585643768, "93": 0.246603861451149, "94": 0.22671253979206085, "95": 0.30073440074920654, "96": 0.24345801770687103, "97": 0.26655054092407227, "98": 0.25431424379348755, "99": 0.310749351978302, "100": 0.2585475444793701, "101": 0.27200156450271606, "102": 0.24750909209251404, "103": 0.3170255422592163, "104": 0.31014180183410645, "105": 0.31581583619117737, "106": 0.23339171707630157, "107": 0.3164258301258087, "108": 0.2059803307056427, "109": 0.24596010148525238, "110": 0.1451505571603775, "111": 0.29931163787841797, "112": 0.221117302775383, "113": 0.1903734803199768, "114": 0.20975270867347717, "115": 0.3286716639995575, "116": 0.2598811089992523, "117": 0.25183117389678955, "118": 0.1537165343761444, "119": 0.3600550591945648, "120": 0.20541860163211823, "121": 0.21516743302345276, "122": 0.28745919466018677, "123": 0.29557502269744873, "124": 0.2627078592777252, "125": 0.2055269330739975, "126": 0.22359108924865723, "127": 0.3054153025150299, "128": 0.26137134432792664, "129": 0.35272184014320374, "130": 0.26613664627075195, "131": 0.24554398655891418, "132": 0.3105878233909607, "133": 0.24529066681861877, "134": 0.3482040762901306, "135": 0.27415579557418823, "136": 0.242832213640213, "137": 0.3188728392124176, "138": 0.3020768165588379, "139": 0.24035052955150604, "140": 0.2848200500011444, "141": 0.18358199298381805, "142": 0.26179903745651245, "143": 0.2029435932636261, "144": 0.24174119532108307, "145": 0.2594766616821289, "146": 0.25436216592788696, "147": 0.2165970653295517, "148": 0.2594098150730133, "149": 0.2696823477745056, "150": 0.3232661783695221, "151": 0.2606663703918457, "152": 0.2550077438354492, "153": 0.35612332820892334, "154": 0.22092746198177338, "155": 0.3207007646560669, "156": 0.29570865631103516, "157": 0.376707524061203, "158": 0.3022075593471527, "159": 0.3306224048137665, "160": 0.31867289543151855, "161": 0.2607623338699341, "162": 0.32378634810447693, "163": 0.32193365693092346, "164": 0.2688677906990051, "165": 0.3057931065559387, "166": 0.20720066130161285, "167": 0.14111989736557007, "168": 0.21489441394805908, "169": 0.24523095786571503, "170": 0.19736258685588837, "171": 0.2550596594810486, "172": 0.3113057315349579, "173": 0.32150959968566895, "174": 0.20981532335281372, "175": 0.28584977984428406, "176": 0.3349241316318512, "177": 0.30565017461776733, "178": 0.26282477378845215, "179": 0.33971071243286133, "180": 0.27682656049728394, "181": 0.25453487038612366, "182": 0.33098486065864563, "183": 0.2185874730348587, "184": 0.2728840112686157, "185": 0.27115997672080994, "186": 0.2878240644931793, "187": 0.258318156003952, "188": 0.2495202273130417, "189": 0.30299699306488037, "190": 0.24713706970214844, "191": 0.19696711003780365, "192": 0.2800770699977875, "193": 0.289867103099823, "194": 0.22596624493598938, "195": 0.31335803866386414, "196": 0.28226757049560547, "197": 0.27161189913749695, "198": 0.2137880176305771, "199": 0.28444159030914307, "200": 0.3381827175617218, "201": 0.19314230978488922, "202": 0.2573433518409729, "203": 0.2745213806629181, "204": 0.274945467710495, "205": 0.21686269342899323, "206": 0.3166913688182831, "207": 0.1978319138288498, "208": 0.24972175061702728, "209": 0.25137975811958313, "210": 0.2767474949359894, "211": 0.3102618157863617, "212": 0.18446926772594452, "213": 0.29599133133888245, "214": 0.14738859236240387, "215": 0.21552538871765137, "216": 0.2753402292728424, "217": 0.27895745635032654, "218": 0.19614548981189728, "219": 0.21963825821876526, "220": 0.1798083633184433, "221": 0.2282400131225586, "222": 0.15408651530742645, "223": 0.18610219657421112, "224": 0.18664392828941345, "225": 0.29575660824775696, "226": 0.3218223452568054, "227": 0.21652346849441528, "228": 0.20992513000965118, "229": 0.20761650800704956, "230": 0.2739425003528595, "231": 0.31642112135887146, "232": 0.29208412766456604, "233": 0.31861019134521484, "234": 0.24165083467960358, "235": 0.2655782103538513, "236": 0.30453547835350037, "237": 0.38677507638931274, "238": 0.35193106532096863, "239": 0.22919628024101257, "240": 0.29031136631965637, "241": 0.26589611172676086, "242": 0.23944799602031708, "243": 0.3409942388534546, "244": 0.17622484266757965, "245": 0.23114538192749023, "246": 0.22570081055164337, "247": 0.19308970868587494, "248": 0.2376953661441803, "249": 0.24044156074523926, "250": 0.28281092643737793, "251": 0.3029221296310425, "252": 0.1541999727487564, "253": 0.20270316302776337, "254": 0.16906313598155975, "255": 0.18984799087047577, "256": 0.3175506889820099, "257": 0.2458309531211853, "258": 0.26970404386520386, "259": 0.27012622356414795, "260": 0.33347052335739136, "261": 0.2461458146572113, "262": 0.26907065510749817, "263": 0.276160329580307, "264": 0.2692873179912567, "265": 0.2320455014705658, "266": 0.3013310134410858, "267": 0.23124757409095764, "268": 0.21430478990077972, "269": 0.3865242600440979, "270": 0.283981055021286, "271": 0.34150806069374084, "272": 0.3034542202949524, "273": 0.25918516516685486, "274": 0.26830485463142395, "275": 0.24877238273620605, "276": 0.14411820471286774, "277": 0.19230103492736816, "278": 0.20308950543403625, "279": 0.2885017693042755, "280": 0.3143587112426758, "281": 0.24343322217464447, "282": 0.2768673896789551, "283": 0.2840288281440735, "284": 0.3114303946495056, "285": 0.254319965839386, "286": 0.14082829654216766, "287": 0.15877649188041687, "288": 0.17801176011562347, "289": 0.22358474135398865, "290": 0.16774864494800568, "291": 0.2903439402580261, "292": 0.25191572308540344, "293": 0.22009456157684326,