{"0": 0.3090984523296356, "1": 0.3101594150066376, "2": 0.2769368886947632, "3": 0.2771703600883484, "4": 0.21909339725971222, "5": 0.3340241312980652, "6": 0.2627144753932953, "7": 0.3465711772441864, "8": 0.24854306876659393, "9": 0.3007451295852661, "10": 0.33835089206695557, "11": 0.36226728558540344, "12": 0.2531437873840332, "13": 0.34950295090675354, "14": 0.35718828439712524, "15": 0.20005525648593903, "16": 0.21501609683036804, "17": 0.30962538719177246, "18": 0.3206233084201813, "19": 0.24231022596359253, "20": 0.2001710832118988, "21": 0.2970993220806122, "22": 0.28172382712364197, "23": 0.3205224275588989, "24": 0.3069832921028137, "25": 0.2913064658641815, "26": 0.32853734493255615, "27": 0.3803982734680176, "28": 0.32993894815444946, "29": 0.3129637837409973, "30": 0.3063491880893707, "31": 0.33120664954185486, "32": 0.2953615188598633, "33": 0.46435290575027466, "34": 0.3117241859436035, "35": 0.3738895356655121, "36": 0.29932475090026855, "37": 0.2467861771583557, "38": 0.28294485807418823, "39": 0.3047938346862793, "40": 0.20821039378643036, "41": 0.30575957894325256, "42": 0.2514199912548065, "43": 0.22529584169387817, "44": 0.30558156967163086, "45": 0.29203876852989197, "46": 0.3072033226490021, "47": 0.3174760043621063, "48": 0.2815552055835724, "49": 0.33280372619628906, "50": 0.29142674803733826, "51": 0.28726914525032043, "52": 0.26532289385795593, "53": 0.2409505546092987, "54": 0.3536522388458252, "55": 0.3685946762561798, "56": 0.3160528242588043, "57": 0.33253201842308044, "58": 0.33846110105514526, "59": 0.3085342049598694, "60": 0.31809383630752563, "61": 0.3554907441139221, "62": 0.3081722557544708, "63": 0.3140820562839508, "64": 0.29872170090675354, "65": 0.22959092259407043, "66": 0.24850474298000336, "67": 0.2669212520122528, "68": 0.3255329132080078, "69": 0.2653544247150421, "70": 0.32338330149650574, "71": 0.34882819652557373, "72": 0.3193187713623047, "73": 0.28407415747642517, "74": 0.25667446851730347, "75": 0.30969685316085815, "76": 0.2649627923965454, "77": 0.2768077850341797, "78": 0.31850993633270264, "79": 0.3164554536342621, "80": 0.3452517092227936, "81": 0.358106791973114, "82": 0.30558788776397705, "83": 0.3181762993335724, "84": 0.3044538199901581, "85": 0.3330777585506439, "86": 0.27462083101272583, "87": 0.27948087453842163, "88": 0.3470276892185211, "89": 0.2874901592731476, "90": 0.2817360758781433, "91": 0.29659274220466614, "92": 0.3662378191947937, "93": 0.3029877841472626, "94": 0.3341830372810364, "95": 0.3164753019809723, "96": 0.31769052147865295, "97": 0.326504647731781, "98": 0.22574469447135925, "99": 0.3047943115234375, "100": 0.3361409306526184, "101": 0.3077429234981537, "102": 0.3014131784439087, "103": 0.37290868163108826, "104": 0.36152008175849915, "105": 0.32014837861061096, "106": 0.3245025873184204, "107": 0.3472454249858856, "108": 0.28293684124946594, "109": 0.35519877076148987, "110": 0.3770378530025482, "111": 0.3616936206817627, "112": 0.3475046455860138, "113": 0.2952943742275238, "114": 0.327097088098526, "115": 0.35751551389694214, "116": 0.28357818722724915, "117": 0.2718600034713745, "118": 0.30363014340400696, "119": 0.33079686760902405, "120": 0.33526095747947693, "121": 0.31859737634658813, "122": 0.34552621841430664, "123": 0.33346307277679443, "124": 0.32528436183929443, "125": 0.2932998538017273, "126": 0.2581959664821625, "127": 0.3690471053123474, "128": 0.29704800248146057, "129": 0.3577588200569153, "130": 0.34636425971984863, "131": 0.32727691531181335, "132": 0.38995248079299927, "133": 0.3085545003414154, "134": 0.30664947628974915, "135": 0.24533264338970184, "136": 0.2695428431034088, "137": 0.27880480885505676, "138": 0.3088291585445404, "139": 0.2908174693584442, "140": 0.27548104524612427, "141": 0.37138715386390686, "142": 0.2984555959701538, "143": 0.2857168912887573, "144": 0.2939804792404175, "145": 0.2967867851257324, "146": 0.3119919002056122, "147": 0.3114278316497803, "148": 0.24453166127204895, "149": 0.2994011342525482, "150": 0.3473370373249054, "151": 0.28097593784332275, "152": 0.26198363304138184, "153": 0.32545894384384155, "154": 0.34708014130592346, "155": 0.26738837361335754, "156": 0.3158452808856964, "157": 0.3271280527114868, "158": 0.3397650122642517, "159": 0.325148344039917, "160": 0.33305102586746216, "161": 0.29027941823005676, "162": 0.36792489886283875, "163": 0.30789992213249207, "164": 0.28933221101760864, "165": 0.34958338737487793, "166": 0.2996238172054291, "167": 0.3440851867198944, "168": 0.35052716732025146, "169": 0.31972721219062805, "170": 0.26980355381965637, "171": 0.32427385449409485, "172": 0.2635499835014343, "173": 0.2772679924964905, "174": 0.3482360541820526, "175": 0.33451807498931885, "176": 0.38262391090393066, "177": 0.3842717409133911, "178": 0.2968084216117859, "179": 0.301035076379776, "180": 0.33092376589775085, "181": 0.3302614688873291, "182": 0.3572808504104614, "183": 0.3006173372268677, "184": 0.2779541313648224, "185": 0.33441007137298584, "186": 0.3681432902812958, "187": 0.3631318509578705, "188": 0.3506106436252594, "189": 0.31497207283973694, "190": 0.3422659635543823, "191": 0.31068742275238037, "192": 0.31041213870048523, "193": 0.34434470534324646, "194": 0.3778567314147949, "195": 0.3363865613937378, "196": 0.34425199031829834, "197": 0.29631292819976807, "198": 0.3209737241268158, "199": 0.2953680753707886, "200": 0.2977961003780365, "201": 0.267683207988739, "202": 0.22490628063678741, "203": 0.30309030413627625, "204": 0.3195062577724457, "205": 0.2904187738895416, "206": 0.33911752700805664, "207": 0.18330195546150208, "208": 0.2798908054828644, "209": 0.29251283407211304, "210": 0.28703317046165466, "211": 0.37274062633514404, "212": 0.3767484128475189, "213": 0.3165903091430664, "214": 0.24668732285499573, "215": 0.17897160351276398, "216": 0.2361772209405899, "217": 0.33961620926856995, "218": 0.2714567482471466, "219": 0.27025195956230164, "220": 0.25070181488990784, "221": 0.296495646238327, "222": 0.32565951347351074, "223": 0.29629501700401306, "224": 0.3169991075992584, "225": 0.30000466108322144, "226": 0.3097829222679138, "227": 0.3101983368396759, "228": 0.18931815028190613, "229": 0.29347410798072815, "230": 0.30041468143463135, "231": 0.31297799944877625, "232": 0.31840071082115173, "233": 0.333454430103302, "234": 0.23990978300571442, "235": 0.38382425904273987, "236": 0.32278838753700256, "237": 0.32790565490722656, "238": 0.3535234332084656, "239": 0.3847026526927948, "240": 0.36416104435920715, "241": 0.3110029697418213, "242": 0.29522252082824707, "243": 0.3104153573513031, "244": 0.27590709924697876, "245": 0.3123959004878998, "246": 0.3457813560962677, "247": 0.34127873182296753, "248": 0.29355040192604065, "249": 0.30435487627983093, "250": 0.3250139653682709, "251": 0.3405873775482178, "252": 0.28076887130737305, "253": 0.30052417516708374, "254": 0.3158818781375885, "255": 0.30323323607444763, "256": 0.30891120433807373, "257": 0.35752514004707336, "258": 0.22125323116779327, "259": 0.3001238703727722, "260": 0.3091859817504883, "261": 0.286052942276001, "262": 0.3256233036518097, "263": 0.2713366746902466, "264": 0.2919265925884247, "265": 0.21868211030960083, "266": 0.34354230761528015, "267": 0.22132240235805511, "268": 0.25594615936279297, "269": 0.3550403416156769, "270": 0.32603833079338074, "271": 0.36883455514907837, "272": 0.3385012149810791, "273": 0.31858935952186584, "274": 0.27169185876846313, "275": 0.3550161123275757, "276": 0.33213409781455994, "277": 0.34112951159477234, "278": 0.28855636715888977, "279": 0.3256053924560547, "280": 0.307384192943573, "281": 0.29123079776763916, "282": 0.3270900845527649, "283": 0.30261534452438354, "284": 0.30809280276298523, "285": 0.3967660665512085, "286": 0.20914679765701294, "287": 0.22233343124389648, "288": 0.3991728127002716, "289": 0.2645202577114105, "290": 0.3313644230365753, "291": 0.2872154414653778, "292": 0.23375380039215088, "293": 0.2434888333082199, "294": 0.35061392188072205,