{"0": 0.2638222575187683, "1": 0.30125635862350464, "2": 0.27583539485931396, "3": 0.24658995866775513, "4": 0.24597273766994476, "5": 0.3560667932033539, "6": 0.246714249253273, "7": 0.2888440489768982, "8": 0.2819846272468567, "9": 0.2917477488517761, "10": 0.35411372780799866, "11": 0.3269950747489929, "12": 0.26580101251602173, "13": 0.25194627046585083, "14": 0.24745506048202515, "15": 0.22694502770900726, "16": 0.218571275472641, "17": 0.26440298557281494, "18": 0.32792291045188904, "19": 0.18401500582695007, "20": 0.23162402212619781, "21": 0.30491146445274353, "22": 0.3086589574813843, "23": 0.3323785066604614, "24": 0.32471951842308044, "25": 0.314163476228714, "26": 0.3243222236633301, "27": 0.3340798020362854, "28": 0.33111435174942017, "29": 0.24145008623600006, "30": 0.2149743288755417, "31": 0.28894054889678955, "32": 0.3128274083137512, "33": 0.34111326932907104, "34": 0.301578164100647, "35": 0.32385170459747314, "36": 0.323501318693161, "37": 0.23992151021957397, "38": 0.2404480278491974, "39": 0.25776028633117676, "40": 0.24275219440460205, "41": 0.30170366168022156, "42": 0.2727850079536438, "43": 0.3037337064743042, "44": 0.3270379304885864, "45": 0.24352185428142548, "46": 0.2951190769672394, "47": 0.3653673231601715, "48": 0.3001094460487366, "49": 0.25344181060791016, "50": 0.2988148629665375, "51": 0.2910189926624298, "52": 0.32448333501815796, "53": 0.22975903749465942, "54": 0.29955413937568665, "55": 0.27785053849220276, "56": 0.3414015471935272, "57": 0.30651262402534485, "58": 0.28464147448539734, "59": 0.20592592656612396, "60": 0.2999730706214905, "61": 0.34667062759399414, "62": 0.3374989330768585, "63": 0.28531184792518616, "64": 0.3012772500514984, "65": 0.327899694442749, "66": 0.2712693512439728, "67": 0.2797490656375885, "68": 0.32703426480293274, "69": 0.28462186455726624, "70": 0.3318667709827423, "71": 0.3729371130466461, "72": 0.2505268454551697, "73": 0.20219697058200836, "74": 0.24666479229927063, "75": 0.33542487025260925, "76": 0.28155580163002014, "77": 0.3512169122695923, "78": 0.3047179579734802, "79": 0.3221438229084015, "80": 0.31648552417755127, "81": 0.2981095016002655, "82": 0.29601621627807617, "83": 0.31120678782463074, "84": 0.2759513854980469, "85": 0.297498881816864, "86": 0.28377634286880493, "87": 0.31939277052879333, "88": 0.32485640048980713, "89": 0.27356433868408203, "90": 0.35485973954200745, "91": 0.328253835439682, "92": 0.2476472407579422, "93": 0.31506484746932983, "94": 0.33480748534202576, "95": 0.30326300859451294, "96": 0.31551918387413025, "97": 0.3157710134983063, "98": 0.3082644045352936, "99": 0.2956768274307251, "100": 0.298330694437027, "101": 0.3105522394180298, "102": 0.3435247540473938, "103": 0.36024895310401917, "104": 0.3669821321964264, "105": 0.2581629753112793, "106": 0.3107948303222656, "107": 0.3435328006744385, "108": 0.28100651502609253, "109": 0.3138866126537323, "110": 0.37547817826271057, "111": 0.16502125561237335, "112": 0.30063730478286743, "113": 0.31086182594299316, "114": 0.27315986156463623, "115": 0.3109908699989319, "116": 0.3078191876411438, "117": 0.2587018311023712, "118": 0.24143344163894653, "119": 0.34049496054649353, "120": 0.3510075509548187, "121": 0.24583368003368378, "122": 0.32158413529396057, "123": 0.3613576591014862, "124": 0.2947250306606293, "125": 0.2953244149684906, "126": 0.23169922828674316, "127": 0.31493765115737915, "128": 0.2642122507095337, "129": 0.36564406752586365, "130": 0.3182550370693207, "131": 0.3314516842365265, "132": 0.31938648223876953, "133": 0.3234533667564392, "134": 0.3244819939136505, "135": 0.29138514399528503, "136": 0.27558743953704834, "137": 0.27038025856018066, "138": 0.27725887298583984, "139": 0.22819654643535614, "140": 0.18508607149124146, "141": 0.3632679879665375, "142": 0.36198514699935913, "143": 0.2889868915081024, "144": 0.34317976236343384, "145": 0.26645055413246155, "146": 0.35817191004753113, "147": 0.2877754271030426, "148": 0.3593490719795227, "149": 0.3401348292827606, "150": 0.35181334614753723, "151": 0.3032524585723877, "152": 0.29199984669685364, "153": 0.28701600432395935, "154": 0.2850569486618042, "155": 0.29257842898368835, "156": 0.300744891166687, "157": 0.3073110580444336, "158": 0.274644136428833, "159": 0.24959631264209747, "160": 0.3013695776462555, "161": 0.32377511262893677, "162": 0.26068851351737976, "163": 0.33814945816993713, "164": 0.320722371339798, "165": 0.3415050506591797, "166": 0.2640873193740845, "167": 0.3542618751525879, "168": 0.3031597435474396, "169": 0.3196609318256378, "170": 0.2673191428184509, "171": 0.3063037395477295, "172": 0.28315281867980957, "173": 0.251375287771225, "174": 0.3622337281703949, "175": 0.3657253682613373, "176": 0.3595028221607208, "177": 0.2885229289531708, "178": 0.37808218598365784, "179": 0.3690109848976135, "180": 0.3295116722583771, "181": 0.38255777955055237, "182": 0.28283819556236267, "183": 0.295881986618042, "184": 0.2882591485977173, "185": 0.30207276344299316, "186": 0.3479953706264496, "187": 0.3704546391963959, "188": 0.3315066695213318, "189": 0.22107194364070892, "190": 0.3056607246398926, "191": 0.3268525004386902, "192": 0.3434053361415863, "193": 0.3447776436805725, "194": 0.3786863088607788, "195": 0.3088696599006653, "196": 0.3484012484550476, "197": 0.2115268111228943, "198": 0.3156895935535431, "199": 0.29094013571739197, "200": 0.27779436111450195, "201": 0.289357453584671, "202": 0.24649742245674133, "203": 0.3182089328765869, "204": 0.3476761281490326, "205": 0.24915485084056854, "206": 0.32106226682662964, "207": 0.30245736241340637, "208": 0.26994577050209045, "209": 0.2739613354206085, "210": 0.3464773893356323, "211": 0.328600138425827, "212": 0.3143560290336609, "213": 0.36948031187057495, "214": 0.28413379192352295, "215": 0.19553515315055847, "216": 0.3396141231060028, "217": 0.23674435913562775, "218": 0.25360414385795593, "219": 0.24348630011081696, "220": 0.3071073889732361, "221": 0.29004010558128357, "222": 0.3734165132045746, "223": 0.24504981935024261, "224": 0.2806188464164734, "225": 0.29388827085494995, "226": 0.33846545219421387, "227": 0.28877919912338257, "228": 0.2875772714614868, "229": 0.32498273253440857, "230": 0.29417023062705994, "231": 0.2985941171646118, "232": 0.27712851762771606, "233": 0.3284430205821991, "234": 0.2684040367603302, "235": 0.3181934952735901, "236": 0.34534260630607605, "237": 0.30508774518966675, "238": 0.3301130533218384, "239": 0.39042139053344727, "240": 0.39102408289909363, "241": 0.27134737372398376, "242": 0.35774409770965576, "243": 0.3303835988044739, "244": 0.2698710262775421, "245": 0.2567631006240845, "246": 0.32893648743629456, "247": 0.30838796496391296, "248": 0.1944456696510315, "249": 0.2503107488155365, "250": 0.2508501410484314, "251": 0.3179164528846741, "252": 0.20375797152519226, "253": 0.22824403643608093, "254": 0.37124350666999817, "255": 0.24624814093112946, "256": 0.3355189859867096, "257": 0.2952822744846344, "258": 0.22497671842575073, "259": 0.30271121859550476, "260": 0.3493739664554596, "261": 0.25459951162338257, "262": 0.3047764003276825, "263": 0.20832978188991547, "264": 0.2941198945045471, "265": 0.2720048427581787, "266": 0.3150506913661957, "267": 0.2803652882575989, "268": 0.31457409262657166, "269": 0.3785100281238556, "270": 0.3135477900505066, "271": 0.374923437833786, "272": 0.3469022512435913, "273": 0.3514895439147949, "274": 0.25039151310920715, "275": 0.3259181082248688, "276": 0.2871841490268707, "277": 0.3653053343296051, "278": 0.3244350850582123, "279": 0.2718513011932373, "280": 0.36860358715057373, "281": 0.33285731077194214, "282": 0.3248344957828522, "283": 0.3031150996685028, "284": 0.3181779384613037, "285": 0.3019753098487854, "286": 0.23360982537269592, "287": 0.23124583065509796, "288": 0.32724419236183167, "289": 0.29299795627593994, "290": 0.31556278467178345, "291": 0.2655027508735657, "292": 0.2503306567668915, "293": 0.23301780223846436, "294": 0.2835264205932617,