{"0": 0.3025684356689453, "1": 0.26988252997398376, "2": 0.2866343557834625, "3": 0.2942618131637573, "4": 0.30314695835113525, "5": 0.32156211137771606, "6": 0.2804615795612335, "7": 0.2821788489818573, "8": 0.31036514043807983, "9": 0.2771059274673462, "10": 0.331637442111969, "11": 0.29751038551330566, "12": 0.2547929286956787, "13": 0.28766435384750366, "14": 0.2656741440296173, "15": 0.2604266405105591, "16": 0.2978629469871521, "17": 0.29667070508003235, "18": 0.34446725249290466, "19": 0.21684697270393372, "20": 0.2536701261997223, "21": 0.285177081823349, "22": 0.30541402101516724, "23": 0.31018802523612976, "24": 0.3112506568431854, "25": 0.29841163754463196, "26": 0.31560617685317993, "27": 0.34615978598594666, "28": 0.3431161642074585, "29": 0.2582360506057739, "30": 0.26200661063194275, "31": 0.31704801321029663, "32": 0.3164595663547516, "33": 0.33315855264663696, "34": 0.2870897352695465, "35": 0.31190723180770874, "36": 0.3355260491371155, "37": 0.2678797245025635, "38": 0.3035455346107483, "39": 0.3007831871509552, "40": 0.24413299560546875, "41": 0.28988194465637207, "42": 0.3020046055316925, "43": 0.31724482774734497, "44": 0.3142072856426239, "45": 0.2744191586971283, "46": 0.28231674432754517, "47": 0.32321295142173767, "48": 0.30321797728538513, "49": 0.33391231298446655, "50": 0.33953937888145447, "51": 0.33250346779823303, "52": 0.32775068283081055, "53": 0.3095249831676483, "54": 0.37292975187301636, "55": 0.33451753854751587, "56": 0.3416762948036194, "57": 0.36199647188186646, "58": 0.334406316280365, "59": 0.3062819242477417, "60": 0.3345450460910797, "61": 0.3462619185447693, "62": 0.3553435206413269, "63": 0.2978889048099518, "64": 0.3374069333076477, "65": 0.30134856700897217, "66": 0.3230021297931671, "67": 0.34179994463920593, "68": 0.32382312417030334, "69": 0.311738520860672, "70": 0.35812386870384216, "71": 0.33982914686203003, "72": 0.31544557213783264, "73": 0.23813508450984955, "74": 0.301121324300766, "75": 0.3299119174480438, "76": 0.2998560070991516, "77": 0.34790748357772827, "78": 0.33934205770492554, "79": 0.3191419243812561, "80": 0.30871158838272095, "81": 0.3044726252555847, "82": 0.3087925314903259, "83": 0.2978220582008362, "84": 0.29303911328315735, "85": 0.28945550322532654, "86": 0.2566947638988495, "87": 0.3329245150089264, "88": 0.29575115442276, "89": 0.2678627371788025, "90": 0.33160004019737244, "91": 0.33855190873146057, "92": 0.306671679019928, "93": 0.33311963081359863, "94": 0.34208205342292786, "95": 0.28518572449684143, "96": 0.2878774404525757, "97": 0.28837692737579346, "98": 0.3546712100505829, "99": 0.2674872875213623, "100": 0.3120007812976837, "101": 0.27876654267311096, "102": 0.34086087346076965, "103": 0.3226655423641205, "104": 0.3501030504703522, "105": 0.2925383150577545, "106": 0.2806842029094696, "107": 0.3315246105194092, "108": 0.3010418117046356, "109": 0.28683358430862427, "110": 0.38738515973091125, "111": 0.2515682578086853, "112": 0.311934232711792, "113": 0.306786447763443, "114": 0.32261860370635986, "115": 0.3402114808559418, "116": 0.3215174376964569, "117": 0.3593715727329254, "118": 0.2751593589782715, "119": 0.331198126077652, "120": 0.3655956983566284, "121": 0.3025170564651489, "122": 0.30223608016967773, "123": 0.3552349805831909, "124": 0.3270295560359955, "125": 0.3488635718822479, "126": 0.2976377010345459, "127": 0.34152093529701233, "128": 0.2582437992095947, "129": 0.3265710771083832, "130": 0.3489462435245514, "131": 0.3537270724773407, "132": 0.33261892199516296, "133": 0.28792279958724976, "134": 0.3287620544433594, "135": 0.31936559081077576, "136": 0.297911673784256, "137": 0.30481716990470886, "138": 0.3635905981063843, "139": 0.26971977949142456, "140": 0.2756524085998535, "141": 0.3596822917461395, "142": 0.34344375133514404, "143": 0.2754138112068176, "144": 0.309821754693985, "145": 0.3120075762271881, "146": 0.32951319217681885, "147": 0.31226345896720886, "148": 0.37317100167274475, "149": 0.35287320613861084, "150": 0.34501469135284424, "151": 0.36239030957221985, "152": 0.3005821704864502, "153": 0.28506964445114136, "154": 0.33291947841644287, "155": 0.3199785053730011, "156": 0.3305588662624359, "157": 0.30947136878967285, "158": 0.3379131555557251, "159": 0.2884728014469147, "160": 0.3168182373046875, "161": 0.3114170432090759, "162": 0.3410634994506836, "163": 0.30130085349082947, "164": 0.3251863420009613, "165": 0.33822351694107056, "166": 0.3295985162258148, "167": 0.3325556814670563, "168": 0.3338262140750885, "169": 0.3317212760448456, "170": 0.2680629789829254, "171": 0.33934420347213745, "172": 0.2955828905105591, "173": 0.2764083743095398, "174": 0.3615088164806366, "175": 0.3521164059638977, "176": 0.3813101351261139, "177": 0.3146878182888031, "178": 0.34811851382255554, "179": 0.3255918622016907, "180": 0.3303929269313812, "181": 0.37256598472595215, "182": 0.3390134871006012, "183": 0.30374202132225037, "184": 0.31099820137023926, "185": 0.32841187715530396, "186": 0.37838760018348694, "187": 0.3603498637676239, "188": 0.3112581968307495, "189": 0.25459450483322144, "190": 0.34142571687698364, "191": 0.3474843204021454, "192": 0.34321004152297974, "193": 0.31865233182907104, "194": 0.3484746217727661, "195": 0.35961228609085083, "196": 0.38930341601371765, "197": 0.2766936123371124, "198": 0.34086352586746216, "199": 0.3242490887641907, "200": 0.3358002305030823, "201": 0.31010833382606506, "202": 0.3258289098739624, "203": 0.359504371881485, "204": 0.34794941544532776, "205": 0.3078468441963196, "206": 0.2887941300868988, "207": 0.3294267952442169, "208": 0.2978639006614685, "209": 0.25904545187950134, "210": 0.3472660183906555, "211": 0.3473832905292511, "212": 0.3411720395088196, "213": 0.3256360590457916, "214": 0.3691033124923706, "215": 0.28271958231925964, "216": 0.35926684737205505, "217": 0.3033279776573181, "218": 0.32742226123809814, "219": 0.33958548307418823, "220": 0.3534049987792969, "221": 0.3129705786705017, "222": 0.3391335904598236, "223": 0.3306123912334442, "224": 0.3128056228160858, "225": 0.3026740849018097, "226": 0.31463414430618286, "227": 0.3327142596244812, "228": 0.34169864654541016, "229": 0.3339001536369324, "230": 0.3226836323738098, "231": 0.3050056993961334, "232": 0.28756219148635864, "233": 0.31876900792121887, "234": 0.26663729548454285, "235": 0.33137813210487366, "236": 0.32624131441116333, "237": 0.30268335342407227, "238": 0.3184339702129364, "239": 0.380187064409256, "240": 0.3879520297050476, "241": 0.3045768141746521, "242": 0.3625737130641937, "243": 0.36289823055267334, "244": 0.3075176477432251, "245": 0.2653697431087494, "246": 0.32319894433021545, "247": 0.30005958676338196, "248": 0.24245543777942657, "249": 0.2949291467666626, "250": 0.26636990904808044, "251": 0.3153476417064667, "252": 0.26681187748908997, "253": 0.3189467489719391, "254": 0.3838593363761902, "255": 0.2987455427646637, "256": 0.326790452003479, "257": 0.3363528251647949, "258": 0.28263622522354126, "259": 0.30618786811828613, "260": 0.3234812617301941, "261": 0.3222574293613434, "262": 0.31128501892089844, "263": 0.2624210715293884, "264": 0.3242112696170807, "265": 0.2965236306190491, "266": 0.3437235355377197, "267": 0.3187752366065979, "268": 0.3490931987762451, "269": 0.36627301573753357, "270": 0.3258887529373169, "271": 0.3394315540790558, "272": 0.34682372212409973, "273": 0.32426923513412476, "274": 0.30150625109672546, "275": 0.337179571390152, "276": 0.3176089823246002, "277": 0.326433002948761, "278": 0.34080666303634644, "279": 0.30931776762008667, "280": 0.3261677622795105, "281": 0.3223249018192291, "282": 0.30892282724380493, "283": 0.28255394101142883, "284": 0.35402730107307434, "285": 0.33383744955062866, "286": 0.2850644290447235, "287": 0.269549161195755, "288": 0.3399003744125366, "289": 0.2841518521308899, "290": 0.29559430480003357, "291": 0.3220517337322235, "292": 0.30141690373420715, "293": 0.2546289563179016, "294": 0.314441978931427, "295": 0.33581429719924927,