{"0": 0.2734197676181793, "1": 0.2617243528366089, "2": 0.26431551575660706, "3": 0.2783012390136719, "4": 0.27552080154418945, "5": 0.2990039885044098, "6": 0.28321537375450134, "7": 0.22180934250354767, "8": 0.2839961349964142, "9": 0.30609405040740967, "10": 0.28619080781936646, "11": 0.26125362515449524, "12": 0.28500932455062866, "13": 0.2874181568622589, "14": 0.2987980544567108, "15": 0.23946242034435272, "16": 0.2505103647708893, "17": 0.28048667311668396, "18": 0.32942116260528564, "19": 0.21558614075183868, "20": 0.23272429406642914, "21": 0.2832982838153839, "22": 0.3122826814651489, "23": 0.27061617374420166, "24": 0.26120924949645996, "25": 0.29593297839164734, "26": 0.2764943540096283, "27": 0.2270694077014923, "28": 0.24955682456493378, "29": 0.26776331663131714, "30": 0.2562139928340912, "31": 0.23198622465133667, "32": 0.2893196642398834, "33": 0.27952447533607483, "34": 0.3077338635921478, "35": 0.3336475193500519, "36": 0.24922145903110504, "37": 0.2580554783344269, "38": 0.27251943945884705, "39": 0.24237830936908722, "40": 0.304979532957077, "41": 0.24431481957435608, "42": 0.23385882377624512, "43": 0.28635087609291077, "44": 0.28751012682914734, "45": 0.3265409469604492, "46": 0.2727925479412079, "47": 0.2724668085575104, "48": 0.28711676597595215, "49": 0.30135491490364075, "50": 0.20788437128067017, "51": 0.24274006485939026, "52": 0.2765921950340271, "53": 0.32073280215263367, "54": 0.29749998450279236, "55": 0.28421977162361145, "56": 0.29616087675094604, "57": 0.33261698484420776, "58": 0.37229907512664795, "59": 0.29720789194107056, "60": 0.3300362229347229, "61": 0.2889210879802704, "62": 0.2913946807384491, "63": 0.3233060836791992, "64": 0.37571027874946594, "65": 0.21974703669548035, "66": 0.3119676113128662, "67": 0.28104937076568604, "68": 0.2898031771183014, "69": 0.28402063250541687, "70": 0.2789025604724884, "71": 0.2876580059528351, "72": 0.20496566593647003, "73": 0.23973506689071655, "74": 0.25643402338027954, "75": 0.3324818015098572, "76": 0.28537696599960327, "77": 0.2399149090051651, "78": 0.23364432156085968, "79": 0.24828912317752838, "80": 0.21527782082557678, "81": 0.2781657874584198, "82": 0.2708972692489624, "83": 0.27498891949653625, "84": 0.28613582253456116, "85": 0.2695583403110504, "86": 0.2673100531101227, "87": 0.2476489096879959, "88": 0.3281826972961426, "89": 0.2654532492160797, "90": 0.24210138618946075, "91": 0.26103270053863525, "92": 0.25115901231765747, "93": 0.28463125228881836, "94": 0.2944853901863098, "95": 0.29710906744003296, "96": 0.20426468551158905, "97": 0.3065613806247711, "98": 0.2768349051475525, "99": 0.2738337814807892, "100": 0.28649500012397766, "101": 0.25796085596084595, "102": 0.22180895507335663, "103": 0.2780826985836029, "104": 0.3317371606826782, "105": 0.2937239706516266, "106": 0.25732341408729553, "107": 0.29571089148521423, "108": 0.246989443898201, "109": 0.24872957170009613, "110": 0.20368829369544983, "111": 0.3077033758163452, "112": 0.24317044019699097, "113": 0.22703590989112854, "114": 0.23024696111679077, "115": 0.3093920946121216, "116": 0.2713180482387543, "117": 0.31741610169410706, "118": 0.2596057951450348, "119": 0.32028740644454956, "120": 0.2529095709323883, "121": 0.27644383907318115, "122": 0.29121673107147217, "123": 0.3238769769668579, "124": 0.30835866928100586, "125": 0.2796747386455536, "126": 0.26636776328086853, "127": 0.3625169098377228, "128": 0.24340714514255524, "129": 0.30404624342918396, "130": 0.28253939747810364, "131": 0.28206753730773926, "132": 0.32597753405570984, "133": 0.24215172231197357, "134": 0.3418092727661133, "135": 0.2809072434902191, "136": 0.2896108031272888, "137": 0.3134914040565491, "138": 0.334529846906662, "139": 0.3470856845378876, "140": 0.3057190477848053, "141": 0.28509366512298584, "142": 0.29159829020500183, "143": 0.29930201172828674, "144": 0.2716026306152344, "145": 0.27582505345344543, "146": 0.3179975152015686, "147": 0.26455017924308777, "148": 0.2949373722076416, "149": 0.2744291424751282, "150": 0.3046753406524658, "151": 0.30558186769485474, "152": 0.30842864513397217, "153": 0.3329463601112366, "154": 0.2641839385032654, "155": 0.29805654287338257, "156": 0.30628731846809387, "157": 0.3813202381134033, "158": 0.33197763562202454, "159": 0.3190982937812805, "160": 0.32529333233833313, "161": 0.27056941390037537, "162": 0.3418161869049072, "163": 0.2805759608745575, "164": 0.26606979966163635, "165": 0.3412528932094574, "166": 0.304627001285553, "167": 0.25945237278938293, "168": 0.3073481023311615, "169": 0.28252682089805603, "170": 0.2506009042263031, "171": 0.3271443843841553, "172": 0.2820937931537628, "173": 0.30400609970092773, "174": 0.25027111172676086, "175": 0.3123283386230469, "176": 0.3244977295398712, "177": 0.2988433539867401, "178": 0.30055907368659973, "179": 0.3025795519351959, "180": 0.3133881986141205, "181": 0.21036547422409058, "182": 0.343938946723938, "183": 0.29706135392189026, "184": 0.2780759930610657, "185": 0.2841896116733551, "186": 0.304423451423645, "187": 0.27340129017829895, "188": 0.2717008590698242, "189": 0.291757196187973, "190": 0.28893327713012695, "191": 0.2558218538761139, "192": 0.2915622889995575, "193": 0.3004873991012573, "194": 0.2360215038061142, "195": 0.32051941752433777, "196": 0.310449481010437, "197": 0.31594306230545044, "198": 0.30614662170410156, "199": 0.2808745503425598, "200": 0.33521947264671326, "201": 0.22724640369415283, "202": 0.28219085931777954, "203": 0.3492593765258789, "204": 0.32041576504707336, "205": 0.26642194390296936, "206": 0.32909366488456726, "207": 0.2668337821960449, "208": 0.29518061876296997, "209": 0.19139009714126587, "210": 0.2885653078556061, "211": 0.2591039836406708, "212": 0.26360833644866943, "213": 0.2894076108932495, "214": 0.2656097412109375, "215": 0.2727884352207184, "216": 0.3253359794616699, "217": 0.2974914312362671, "218": 0.28142449259757996, "219": 0.29878512024879456, "220": 0.27512070536613464, "221": 0.23162530362606049, "222": 0.1671525537967682, "223": 0.2601548433303833, "224": 0.25519970059394836, "225": 0.30179163813591003, "226": 0.31745004653930664, "227": 0.2730310261249542, "228": 0.3120541274547577, "229": 0.2610396146774292, "230": 0.31045567989349365, "231": 0.33663880825042725, "232": 0.3163546919822693, "233": 0.3261779844760895, "234": 0.2707321345806122, "235": 0.2967316806316376, "236": 0.3007962703704834, "237": 0.3324902653694153, "238": 0.3215368092060089, "239": 0.2253659963607788, "240": 0.3279491066932678, "241": 0.2694225311279297, "242": 0.26667287945747375, "243": 0.32101693749427795, "244": 0.28299480676651, "245": 0.2543344497680664, "246": 0.2690085470676422, "247": 0.2846013903617859, "248": 0.25792306661605835, "249": 0.2853844165802002, "250": 0.3168184161186218, "251": 0.30603402853012085, "252": 0.26262569427490234, "253": 0.26323339343070984, "254": 0.23840998113155365, "255": 0.24950876832008362, "256": 0.33868661522865295, "257": 0.2761971652507782, "258": 0.28750649094581604, "259": 0.27784520387649536, "260": 0.3254687488079071, "261": 0.31039196252822876, "262": 0.2680795192718506, "263": 0.2892581522464752, "264": 0.3158089220523834, "265": 0.27845656871795654, "266": 0.30683961510658264, "267": 0.27254757285118103, "268": 0.29109278321266174, "269": 0.3550701439380646, "270": 0.31864339113235474, "271": 0.3211400806903839, "272": 0.3137432038784027, "273": 0.2861933708190918, "274": 0.2972044050693512, "275": 0.2676346004009247, "276": 0.22949190437793732, "277": 0.2377038300037384, "278": 0.24717752635478973, "279": 0.298461377620697, "280": 0.31801992654800415, "281": 0.2928851842880249, "282": 0.2884722650051117, "283": 0.28072214126586914, "284": 0.3351071774959564, "285": 0.3084670901298523, "286": 0.2606390714645386, "287": 0.25250688195228577, "288": 0.2557778060436249, "289": 0.24536064267158508, "290": 0.23858754336833954, "291": 0.3049893081188202, "292": 0.2996961176395416, "293": 0.26549383997917175, "294": 0.2740098536014557,