{"0": 0.3315010964870453, "1": 0.2795604169368744, "2": 0.28677883744239807, "3": 0.2682216465473175, "4": 0.25014129281044006, "5": 0.30355143547058105, "6": 0.25216445326805115, "7": 0.2830449044704437, "8": 0.28439590334892273, "9": 0.26754510402679443, "10": 0.3361380696296692, "11": 0.3050061762332916, "12": 0.301241010427475, "13": 0.30467936396598816, "14": 0.20769599080085754, "15": 0.24503891170024872, "16": 0.24891965091228485, "17": 0.2806749641895294, "18": 0.3089864253997803, "19": 0.2223614901304245, "20": 0.2634303867816925, "21": 0.2669070065021515, "22": 0.29198211431503296, "23": 0.27334752678871155, "24": 0.30039653182029724, "25": 0.27318209409713745, "26": 0.3181518614292145, "27": 0.3157061040401459, "28": 0.3175952732563019, "29": 0.2653931677341461, "30": 0.22947359085083008, "31": 0.30099666118621826, "32": 0.3191242814064026, "33": 0.32819613814353943, "34": 0.2436463087797165, "35": 0.285121887922287, "36": 0.32815587520599365, "37": 0.2711871564388275, "38": 0.28131532669067383, "39": 0.30136293172836304, "40": 0.2700204849243164, "41": 0.297620564699173, "42": 0.2830994129180908, "43": 0.2970878481864929, "44": 0.3407784104347229, "45": 0.300231397151947, "46": 0.27433082461357117, "47": 0.30637985467910767, "48": 0.2767879068851471, "49": 0.35030800104141235, "50": 0.3069104552268982, "51": 0.2631016671657562, "52": 0.3369678854942322, "53": 0.2900196313858032, "54": 0.28871259093284607, "55": 0.3732135593891144, "56": 0.34757763147354126, "57": 0.3124941289424896, "58": 0.2962796092033386, "59": 0.31264907121658325, "60": 0.3008923828601837, "61": 0.3103959262371063, "62": 0.33527255058288574, "63": 0.28443580865859985, "64": 0.32021570205688477, "65": 0.27776724100112915, "66": 0.31514137983322144, "67": 0.3339168429374695, "68": 0.3202285170555115, "69": 0.2728634476661682, "70": 0.3183492124080658, "71": 0.32077768445014954, "72": 0.3435530662536621, "73": 0.23068401217460632, "74": 0.316802442073822, "75": 0.3312373161315918, "76": 0.2999347746372223, "77": 0.31656312942504883, "78": 0.3173200488090515, "79": 0.2920699715614319, "80": 0.2911205291748047, "81": 0.3153124153614044, "82": 0.3206069767475128, "83": 0.2875668704509735, "84": 0.27489593625068665, "85": 0.32360783219337463, "86": 0.29087308049201965, "87": 0.30425018072128296, "88": 0.29788443446159363, "89": 0.28969109058380127, "90": 0.30417412519454956, "91": 0.3240833878517151, "92": 0.30601590871810913, "93": 0.3079376816749573, "94": 0.3176931142807007, "95": 0.27996712923049927, "96": 0.252757728099823, "97": 0.2827032804489136, "98": 0.25861358642578125, "99": 0.2670738399028778, "100": 0.27478864789009094, "101": 0.2614562511444092, "102": 0.31045985221862793, "103": 0.2912272810935974, "104": 0.32660913467407227, "105": 0.2752571105957031, "106": 0.26263466477394104, "107": 0.33013272285461426, "108": 0.23538479208946228, "109": 0.29754987359046936, "110": 0.33096665143966675, "111": 0.3315938413143158, "112": 0.2439405471086502, "113": 0.34052443504333496, "114": 0.32194194197654724, "115": 0.3361477851867676, "116": 0.2615167200565338, "117": 0.33190423250198364, "118": 0.33549371361732483, "119": 0.31010034680366516, "120": 0.33379077911376953, "121": 0.2557140588760376, "122": 0.3314853310585022, "123": 0.3403724730014801, "124": 0.3349801301956177, "125": 0.2995789647102356, "126": 0.30196887254714966, "127": 0.3265734612941742, "128": 0.24323312938213348, "129": 0.31305691599845886, "130": 0.36583131551742554, "131": 0.3154788613319397, "132": 0.3026088774204254, "133": 0.27029991149902344, "134": 0.339877188205719, "135": 0.301837295293808, "136": 0.3184191882610321, "137": 0.31934598088264465, "138": 0.3511675000190735, "139": 0.3386092185974121, "140": 0.2779427170753479, "141": 0.3362114429473877, "142": 0.3240334093570709, "143": 0.31103515625, "144": 0.27782416343688965, "145": 0.30854156613349915, "146": 0.3078410029411316, "147": 0.3289825916290283, "148": 0.3201863467693329, "149": 0.34480664134025574, "150": 0.3093338906764984, "151": 0.3332233130931854, "152": 0.2748236656188965, "153": 0.33204200863838196, "154": 0.34243831038475037, "155": 0.29600927233695984, "156": 0.3005375266075134, "157": 0.3200327157974243, "158": 0.253612756729126, "159": 0.3195001780986786, "160": 0.33582741022109985, "161": 0.2964458465576172, "162": 0.3025791347026825, "163": 0.27292150259017944, "164": 0.2999759912490845, "165": 0.3008815050125122, "166": 0.3364262282848358, "167": 0.3223855495452881, "168": 0.3454490005970001, "169": 0.3124546408653259, "170": 0.27092239260673523, "171": 0.3218553066253662, "172": 0.29893261194229126, "173": 0.32233914732933044, "174": 0.3158179521560669, "175": 0.3437057137489319, "176": 0.33870384097099304, "177": 0.2648123502731323, "178": 0.2566487789154053, "179": 0.2220751941204071, "180": 0.29133376479148865, "181": 0.30789804458618164, "182": 0.37946194410324097, "183": 0.2889547646045685, "184": 0.32186898589134216, "185": 0.33162593841552734, "186": 0.34961986541748047, "187": 0.3524571657180786, "188": 0.31495603919029236, "189": 0.2926357686519623, "190": 0.31956174969673157, "191": 0.3317614495754242, "192": 0.3136601150035858, "193": 0.3065880239009857, "194": 0.31482234597206116, "195": 0.31936222314834595, "196": 0.3376002013683319, "197": 0.32996752858161926, "198": 0.33410385251045227, "199": 0.3146876096725464, "200": 0.3128662407398224, "201": 0.31699854135513306, "202": 0.26846686005592346, "203": 0.36683347821235657, "204": 0.30845504999160767, "205": 0.2969677746295929, "206": 0.27277594804763794, "207": 0.28590115904808044, "208": 0.3117895722389221, "209": 0.23704297840595245, "210": 0.29757797718048096, "211": 0.38283899426460266, "212": 0.33022865653038025, "213": 0.2780693769454956, "214": 0.32475727796554565, "215": 0.3016514480113983, "216": 0.35501885414123535, "217": 0.3010193705558777, "218": 0.3162570595741272, "219": 0.32192736864089966, "220": 0.3221239447593689, "221": 0.29694461822509766, "222": 0.29563483595848083, "223": 0.32791540026664734, "224": 0.3072758913040161, "225": 0.2909938097000122, "226": 0.3046928346157074, "227": 0.3249068558216095, "228": 0.3137049376964569, "229": 0.3105366826057434, "230": 0.2810843586921692, "231": 0.30357491970062256, "232": 0.22771672904491425, "233": 0.2938433885574341, "234": 0.25440719723701477, "235": 0.3082256019115448, "236": 0.297909677028656, "237": 0.28999465703964233, "238": 0.28250452876091003, "239": 0.3371099531650543, "240": 0.3354235589504242, "241": 0.2679860591888428, "242": 0.35611072182655334, "243": 0.32654860615730286, "244": 0.3468172252178192, "245": 0.28025928139686584, "246": 0.32864174246788025, "247": 0.29446712136268616, "248": 0.23422329127788544, "249": 0.3035723865032196, "250": 0.287377268075943, "251": 0.3240443468093872, "252": 0.3021765649318695, "253": 0.34257909655570984, "254": 0.3291698694229126, "255": 0.27195194363594055, "256": 0.2842843234539032, "257": 0.3577614426612854, "258": 0.2689438462257385, "259": 0.3104914426803589, "260": 0.24664297699928284, "261": 0.32539212703704834, "262": 0.30325648188591003, "263": 0.2432805597782135, "264": 0.33465272188186646, "265": 0.27473387122154236, "266": 0.3131582736968994, "267": 0.3175954520702362, "268": 0.34127911925315857, "269": 0.32137829065322876, "270": 0.3074926435947418, "271": 0.32421550154685974, "272": 0.3439421057701111, "273": 0.2756349444389343, "274": 0.28467750549316406, "275": 0.31551501154899597, "276": 0.2593868672847748, "277": 0.29174765944480896, "278": 0.3318590819835663, "279": 0.2990507483482361, "280": 0.30751070380210876, "281": 0.2977708876132965, "282": 0.29885220527648926, "283": 0.28340044617652893, "284": 0.308075875043869, "285": 0.2887971103191376, "286": 0.3016819655895233, "287": 0.280146986246109, "288": 0.31584206223487854, "289": 0.26076018810272217, "290": 0.2902660667896271, "291": 0.3340044915676117, "292": 0.30634409189224243, "293": 0.2861565053462982, "294": 0.3079405725002289, "295": 0.3089698553085327,