{"0": 0.3077910840511322, "1": 0.2796602249145508, "2": 0.26163941621780396, "3": 0.29515719413757324, "4": 0.27536827325820923, "5": 0.2979167699813843, "6": 0.2837979197502136, "7": 0.30288559198379517, "8": 0.25984275341033936, "9": 0.30276840925216675, "10": 0.31898048520088196, "11": 0.3139992356300354, "12": 0.2801157832145691, "13": 0.308515727519989, "14": 0.31516313552856445, "15": 0.23128339648246765, "16": 0.24135005474090576, "17": 0.31157955527305603, "18": 0.32420554757118225, "19": 0.252459317445755, "20": 0.22507581114768982, "21": 0.28117653727531433, "22": 0.27142098546028137, "23": 0.3033863306045532, "24": 0.27242955565452576, "25": 0.26721951365470886, "26": 0.3041040003299713, "27": 0.36707156896591187, "28": 0.29744118452072144, "29": 0.2883654832839966, "30": 0.2856079041957855, "31": 0.28998643159866333, "32": 0.29392024874687195, "33": 0.39136070013046265, "34": 0.2877974510192871, "35": 0.35840973258018494, "36": 0.28753986954689026, "37": 0.2456720918416977, "38": 0.2951595187187195, "39": 0.302016943693161, "40": 0.2453468143939972, "41": 0.2891499102115631, "42": 0.2358992099761963, "43": 0.2591826021671295, "44": 0.31480279564857483, "45": 0.29903101921081543, "46": 0.27017802000045776, "47": 0.285646915435791, "48": 0.25830602645874023, "49": 0.3505074381828308, "50": 0.2924483120441437, "51": 0.29000338912010193, "52": 0.2817041575908661, "53": 0.2535014748573303, "54": 0.34796273708343506, "55": 0.36467456817626953, "56": 0.31794193387031555, "57": 0.3093453049659729, "58": 0.32750746607780457, "59": 0.32327404618263245, "60": 0.31305131316185, "61": 0.33003681898117065, "62": 0.3132442235946655, "63": 0.30840378999710083, "64": 0.3265843093395233, "65": 0.24455997347831726, "66": 0.2900814712047577, "67": 0.3343089520931244, "68": 0.3194216191768646, "69": 0.27672117948532104, "70": 0.3257213234901428, "71": 0.33823060989379883, "72": 0.3650932013988495, "73": 0.26883429288864136, "74": 0.305771142244339, "75": 0.3066003620624542, "76": 0.2806834280490875, "77": 0.326934278011322, "78": 0.3247179090976715, "79": 0.2612762153148651, "80": 0.2827989161014557, "81": 0.34009870886802673, "82": 0.31222036480903625, "83": 0.2974734306335449, "84": 0.311065673828125, "85": 0.2768588662147522, "86": 0.25742942094802856, "87": 0.28805047273635864, "88": 0.3071495592594147, "89": 0.2921961545944214, "90": 0.2831927537918091, "91": 0.2951733469963074, "92": 0.3564257323741913, "93": 0.3194766044616699, "94": 0.31995344161987305, "95": 0.27139413356781006, "96": 0.295677125453949, "97": 0.28626003861427307, "98": 0.233333021402359, "99": 0.25718194246292114, "100": 0.31691500544548035, "101": 0.26947692036628723, "102": 0.29145926237106323, "103": 0.32210004329681396, "104": 0.3120974004268646, "105": 0.30518078804016113, "106": 0.30579930543899536, "107": 0.33309128880500793, "108": 0.2955095171928406, "109": 0.30807363986968994, "110": 0.3457554876804352, "111": 0.3400588929653168, "112": 0.3158644437789917, "113": 0.2950916886329651, "114": 0.3880920112133026, "115": 0.3473409116268158, "116": 0.2636386454105377, "117": 0.31699228286743164, "118": 0.32367798686027527, "119": 0.2978998124599457, "120": 0.3192267119884491, "121": 0.3072572648525238, "122": 0.3061702847480774, "123": 0.3599184453487396, "124": 0.3342345654964447, "125": 0.33080095052719116, "126": 0.29623135924339294, "127": 0.3623799979686737, "128": 0.27657926082611084, "129": 0.27266407012939453, "130": 0.3351792097091675, "131": 0.3221839964389801, "132": 0.3452160656452179, "133": 0.3138258755207062, "134": 0.3124844431877136, "135": 0.2697266936302185, "136": 0.27909666299819946, "137": 0.28599628806114197, "138": 0.3660517930984497, "139": 0.33351314067840576, "140": 0.3306885063648224, "141": 0.3334115147590637, "142": 0.2949010729789734, "143": 0.28873392939567566, "144": 0.29902833700180054, "145": 0.35290661454200745, "146": 0.2918481230735779, "147": 0.3348224461078644, "148": 0.29071125388145447, "149": 0.30634793639183044, "150": 0.32128027081489563, "151": 0.3055744767189026, "152": 0.28804880380630493, "153": 0.3003210425376892, "154": 0.32256177067756653, "155": 0.29794132709503174, "156": 0.3359050750732422, "157": 0.3482799828052521, "158": 0.30771687626838684, "159": 0.28730010986328125, "160": 0.3498184382915497, "161": 0.29973551630973816, "162": 0.3740862309932709, "163": 0.2677582800388336, "164": 0.2886172831058502, "165": 0.3116518557071686, "166": 0.3112753927707672, "167": 0.3132980763912201, "168": 0.3744601905345917, "169": 0.3064478039741516, "170": 0.2792207598686218, "171": 0.3350125551223755, "172": 0.24941660463809967, "173": 0.28560617566108704, "174": 0.3613869547843933, "175": 0.31341081857681274, "176": 0.3560043275356293, "177": 0.3447333872318268, "178": 0.30093130469322205, "179": 0.2579461336135864, "180": 0.31630876660346985, "181": 0.2969667315483093, "182": 0.3712131381034851, "183": 0.2807773947715759, "184": 0.27159014344215393, "185": 0.3494703471660614, "186": 0.3748367726802826, "187": 0.3733896315097809, "188": 0.3193081319332123, "189": 0.3430955708026886, "190": 0.32996293902397156, "191": 0.30570703744888306, "192": 0.30345433950424194, "193": 0.309822142124176, "194": 0.3354310989379883, "195": 0.3325619399547577, "196": 0.3473520576953888, "197": 0.31737226247787476, "198": 0.3361966907978058, "199": 0.29549115896224976, "200": 0.3087855279445648, "201": 0.2628733217716217, "202": 0.29355132579803467, "203": 0.3139066994190216, "204": 0.31046196818351746, "205": 0.3073866069316864, "206": 0.34198856353759766, "207": 0.24391815066337585, "208": 0.289795845746994, "209": 0.22793705761432648, "210": 0.27571555972099304, "211": 0.35011014342308044, "212": 0.34797120094299316, "213": 0.2898019254207611, "214": 0.2987937033176422, "215": 0.24505580961704254, "216": 0.2865051329135895, "217": 0.27670738101005554, "218": 0.31084635853767395, "219": 0.31544697284698486, "220": 0.2993549108505249, "221": 0.2892838418483734, "222": 0.28090256452560425, "223": 0.3265773057937622, "224": 0.3054216802120209, "225": 0.321047306060791, "226": 0.30178120732307434, "227": 0.3089275658130646, "228": 0.26999372243881226, "229": 0.320173054933548, "230": 0.28658419847488403, "231": 0.3425407409667969, "232": 0.2906672954559326, "233": 0.3305025100708008, "234": 0.2582338750362396, "235": 0.35652825236320496, "236": 0.3283999264240265, "237": 0.2793067693710327, "238": 0.31310176849365234, "239": 0.3620714247226715, "240": 0.3770217299461365, "241": 0.32610616087913513, "242": 0.2883390486240387, "243": 0.31180423498153687, "244": 0.2853366434574127, "245": 0.2889285385608673, "246": 0.3554811179637909, "247": 0.2807290554046631, "248": 0.277578741312027, "249": 0.3009224236011505, "250": 0.3109830319881439, "251": 0.3201064467430115, "252": 0.27237945795059204, "253": 0.3070564270019531, "254": 0.32290950417518616, "255": 0.3280402719974518, "256": 0.3127609193325043, "257": 0.3301902413368225, "258": 0.25604695081710815, "259": 0.3183107376098633, "260": 0.3097826838493347, "261": 0.29620102047920227, "262": 0.30408722162246704, "263": 0.28495824337005615, "264": 0.3353273272514343, "265": 0.2772625684738159, "266": 0.3232753872871399, "267": 0.2550230324268341, "268": 0.31918057799339294, "269": 0.35958054661750793, "270": 0.3041991591453552, "271": 0.33759018778800964, "272": 0.3209439814090729, "273": 0.30776283144950867, "274": 0.28652918338775635, "275": 0.2920752465724945, "276": 0.3056281805038452, "277": 0.27107080817222595, "278": 0.2889028489589691, "279": 0.3049493730068207, "280": 0.33089521527290344, "281": 0.27846238017082214, "282": 0.2959519028663635, "283": 0.2805905044078827, "284": 0.31559792160987854, "285": 0.37574538588523865, "286": 0.2521386444568634, "287": 0.26920661330223083, "288": 0.31509608030319214, "289": 0.26714253425598145, "290": 0.30094119906425476, "291": 0.30656999349594116, "292": 0.26340433955192566, "293": 0.261721670627594, "294": 0.329042911529541, "295": 0.3206425905227661,