{"0": 0.2855834662914276, "1": 0.28323081135749817, "2": 0.264871209859848, "3": 0.2691461741924286, "4": 0.256057471036911, "5": 0.2892519533634186, "6": 0.2971578538417816, "7": 0.24132253229618073, "8": 0.3022327721118927, "9": 0.25712865591049194, "10": 0.3160671591758728, "11": 0.2624937891960144, "12": 0.3060128390789032, "13": 0.303487628698349, "14": 0.2973215579986572, "15": 0.25435733795166016, "16": 0.2816236913204193, "17": 0.29940178990364075, "18": 0.3229764699935913, "19": 0.23177742958068848, "20": 0.25423604249954224, "21": 0.2828356921672821, "22": 0.3269651532173157, "23": 0.29219281673431396, "24": 0.2842985987663269, "25": 0.3069409430027008, "26": 0.29084640741348267, "27": 0.2975785434246063, "28": 0.3421836495399475, "29": 0.2512407898902893, "30": 0.2536838948726654, "31": 0.28689998388290405, "32": 0.26544177532196045, "33": 0.2784207761287689, "34": 0.3098919093608856, "35": 0.32972943782806396, "36": 0.3166063725948334, "37": 0.2771766483783722, "38": 0.30463290214538574, "39": 0.2599477469921112, "40": 0.26653480529785156, "41": 0.2892986834049225, "42": 0.27601420879364014, "43": 0.29630452394485474, "44": 0.25664350390434265, "45": 0.2950880825519562, "46": 0.2648220956325531, "47": 0.302961140871048, "48": 0.2909005284309387, "49": 0.2839800715446472, "50": 0.3583732545375824, "51": 0.35691699385643005, "52": 0.3592320680618286, "53": 0.3448989987373352, "54": 0.3699187934398651, "55": 0.34942129254341125, "56": 0.3311893343925476, "57": 0.36109158396720886, "58": 0.3533131182193756, "59": 0.3567884564399719, "60": 0.32682323455810547, "61": 0.38493162393569946, "62": 0.3454519510269165, "63": 0.33130359649658203, "64": 0.370816171169281, "65": 0.3259107172489166, "66": 0.3156737983226776, "67": 0.33423227071762085, "68": 0.3510517477989197, "69": 0.28220540285110474, "70": 0.3443377614021301, "71": 0.2775399088859558, "72": 0.3519425094127655, "73": 0.25189054012298584, "74": 0.292436808347702, "75": 0.2969321310520172, "76": 0.2961622178554535, "77": 0.3273600935935974, "78": 0.3516804575920105, "79": 0.28618767857551575, "80": 0.26756227016448975, "81": 0.3401575982570648, "82": 0.3267398476600647, "83": 0.3139830231666565, "84": 0.2892858684062958, "85": 0.3053623139858246, "86": 0.28401628136634827, "87": 0.2560407817363739, "88": 0.29710161685943604, "89": 0.3003961443901062, "90": 0.26811596751213074, "91": 0.3215520977973938, "92": 0.32968243956565857, "93": 0.2935025990009308, "94": 0.35498520731925964, "95": 0.28648898005485535, "96": 0.24857473373413086, "97": 0.2972969114780426, "98": 0.24104498326778412, "99": 0.2565940320491791, "100": 0.25877150893211365, "101": 0.28174877166748047, "102": 0.31495267152786255, "103": 0.3295193910598755, "104": 0.2919561266899109, "105": 0.3341095745563507, "106": 0.3305378556251526, "107": 0.3562459647655487, "108": 0.30736806988716125, "109": 0.2909432649612427, "110": 0.35807549953460693, "111": 0.3340584337711334, "112": 0.2705271244049072, "113": 0.3244149684906006, "114": 0.3295193612575531, "115": 0.3343881368637085, "116": 0.22507743537425995, "117": 0.34073710441589355, "118": 0.32495826482772827, "119": 0.32853803038597107, "120": 0.3159272372722626, "121": 0.29095178842544556, "122": 0.3306049704551697, "123": 0.33871138095855713, "124": 0.3478417992591858, "125": 0.3343627154827118, "126": 0.28630879521369934, "127": 0.3341081142425537, "128": 0.2832950949668884, "129": 0.30734774470329285, "130": 0.38025304675102234, "131": 0.29897984862327576, "132": 0.2641773223876953, "133": 0.3104514181613922, "134": 0.3968523144721985, "135": 0.3161020576953888, "136": 0.34462136030197144, "137": 0.3126847743988037, "138": 0.3351384103298187, "139": 0.3064218759536743, "140": 0.2739163041114807, "141": 0.33298394083976746, "142": 0.3209414482116699, "143": 0.270298570394516, "144": 0.30376678705215454, "145": 0.3595762848854065, "146": 0.2889217734336853, "147": 0.27365270256996155, "148": 0.30080556869506836, "149": 0.3185003399848938, "150": 0.29479748010635376, "151": 0.3264930248260498, "152": 0.3080720901489258, "153": 0.30547618865966797, "154": 0.28099361062049866, "155": 0.2749806046485901, "156": 0.32467716932296753, "157": 0.3501366674900055, "158": 0.35860922932624817, "159": 0.341682493686676, "160": 0.27001455426216125, "161": 0.33250245451927185, "162": 0.3848014771938324, "163": 0.25860536098480225, "164": 0.2986876666545868, "165": 0.2789439857006073, "166": 0.2888556718826294, "167": 0.301474928855896, "168": 0.33251485228538513, "169": 0.2940753102302551, "170": 0.29120954871177673, "171": 0.32713109254837036, "172": 0.30553773045539856, "173": 0.31598567962646484, "174": 0.31861791014671326, "175": 0.34554430842399597, "176": 0.34865936636924744, "177": 0.31839150190353394, "178": 0.28412315249443054, "179": 0.30859923362731934, "180": 0.3362645208835602, "181": 0.3423616588115692, "182": 0.28173893690109253, "183": 0.3201281428337097, "184": 0.25592735409736633, "185": 0.30300888419151306, "186": 0.3147062063217163, "187": 0.31633737683296204, "188": 0.29050886631011963, "189": 0.31618061661720276, "190": 0.3064121901988983, "191": 0.3100452423095703, "192": 0.3171285390853882, "193": 0.2894347310066223, "194": 0.3262622058391571, "195": 0.23262077569961548, "196": 0.3168472647666931, "197": 0.3312079608440399, "198": 0.326882928609848, "199": 0.28388407826423645, "200": 0.2781902551651001, "201": 0.3032865822315216, "202": 0.3143537938594818, "203": 0.3294703960418701, "204": 0.364070862531662, "205": 0.3247203528881073, "206": 0.40403348207473755, "207": 0.29182299971580505, "208": 0.2958366274833679, "209": 0.20630615949630737, "210": 0.26278185844421387, "211": 0.2898503839969635, "212": 0.28001683950424194, "213": 0.2423824816942215, "214": 0.32260262966156006, "215": 0.2769531011581421, "216": 0.3141805827617645, "217": 0.25220584869384766, "218": 0.33759042620658875, "219": 0.32471293210983276, "220": 0.3296516239643097, "221": 0.33015549182891846, "222": 0.26041215658187866, "223": 0.3255349397659302, "224": 0.27235692739486694, "225": 0.3056030869483948, "226": 0.3361886143684387, "227": 0.26698923110961914, "228": 0.3485366404056549, "229": 0.3269031345844269, "230": 0.2854478359222412, "231": 0.35589712858200073, "232": 0.31772521138191223, "233": 0.33092451095581055, "234": 0.32849106192588806, "235": 0.3452197313308716, "236": 0.2941535413265228, "237": 0.2538450360298157, "238": 0.38688328862190247, "239": 0.35643643140792847, "240": 0.3541909456253052, "241": 0.3129884898662567, "242": 0.2991032600402832, "243": 0.34577104449272156, "244": 0.3096262216567993, "245": 0.2541206479072571, "246": 0.3138645887374878, "247": 0.332383930683136, "248": 0.35832396149635315, "249": 0.3261796236038208, "250": 0.29915112257003784, "251": 0.2931334376335144, "252": 0.260339617729187, "253": 0.30502215027809143, "254": 0.34644219279289246, "255": 0.2890087366104126, "256": 0.2775738835334778, "257": 0.3321860134601593, "258": 0.27123427391052246, "259": 0.2798113524913788, "260": 0.3148327171802521, "261": 0.3131643831729889, "262": 0.2889290153980255, "263": 0.29535040259361267, "264": 0.3093271851539612, "265": 0.27987971901893616, "266": 0.2881791293621063, "267": 0.30636081099510193, "268": 0.31720834970474243, "269": 0.3479072153568268, "270": 0.3431091904640198, "271": 0.3177988529205322, "272": 0.3294101655483246, "273": 0.26668938994407654, "274": 0.2760006785392761, "275": 0.2870175838470459, "276": 0.3065057098865509, "277": 0.25625890493392944, "278": 0.2550944685935974, "279": 0.3067342936992645, "280": 0.2651151120662689, "281": 0.2807892858982086, "282": 0.28639358282089233, "283": 0.26444920897483826, "284": 0.3405176103115082, "285": 0.27310338616371155, "286": 0.29743441939353943, "287": 0.27314338088035583, "288": 0.31099653244018555, "289": 0.2947927415370941, "290": 0.33367297053337097, "291": 0.31522977352142334, "292": 0.25536155700683594, "293": 0.3006698191165924, "294": 0.3493047058582306, "295": 0.3156813383102417,